3dprinting.meta.stackexchange.com.7z (View Contents)	06-Sep-2021 11:42	660.1K
3dprinting.stackexchange.com.7z (View Contents)	06-Sep-2021 11:42	13.9M
academia.meta.stackexchange.com.7z (View Contents)	06-Sep-2021 11:42	4.8M
academia.stackexchange.com.7z (View Contents)	06-Sep-2021 11:42	137.0M
ai.meta.stackexchange.com.7z (View Contents)	06-Sep-2021 11:42	901.0K
ai.stackexchange.com.7z (View Contents)	06-Sep-2021 11:42	25.2M
android.meta.stackexchange.com.7z (View Contents)	06-Sep-2021 11:42	2.9M
android.stackexchange.com.7z (View Contents)	06-Sep-2021 11:43	106.0M
anime.meta.stackexchange.com.7z (View Contents)	06-Sep-2021 11:43	3.9M
anime.stackexchange.com.7z (View Contents)	06-Sep-2021 11:43	31.5M
apple.meta.stackexchange.com.7z (View Contents)	06-Sep-2021 11:43	4.3M
apple.stackexchange.com.7z (View Contents)	06-Sep-2021 11:43	239.6M
arduino.meta.stackexchange.com.7z (View Contents)	06-Sep-2021 11:44	942.0K
arduino.stackexchange.com.7z (View Contents)	06-Sep-2021 11:44	66.4M
askubuntu.com.7z (View Contents)	06-Sep-2021 15:03	880.2M
astronomy.meta.stackexchange.com.7z (View Contents)	06-Sep-2021 11:58	971.3K
astronomy.stackexchange.com.7z (View Contents)	06-Sep-2021 11:58	34.9M
aviation.meta.stackexchange.com.7z (View Contents)	06-Sep-2021 11:58	2.2M
aviation.stackexchange.com.7z (View Contents)	06-Sep-2021 11:59	80.0M
avp.meta.stackexchange.com.7z (View Contents)	06-Sep-2021 11:59	545.2K
avp.stackexchange.com.7z (View Contents)	06-Sep-2021 11:59	17.0M
beer.meta.stackexchange.com.7z (View Contents)	06-Sep-2021 11:59	262.7K
beer.stackexchange.com.7z (View Contents)	06-Sep-2021 11:59	3.6M
bicycles.meta.stackexchange.com.7z (View Contents)	06-Sep-2021 11:59	1.4M
bicycles.stackexchange.com.7z (View Contents)	06-Sep-2021 11:59	56.8M
bioinformatics.meta.stackexchange.com.7z (View Contents)	06-Sep-2021 11:59	329.9K
bioinformatics.stackexchange.com.7z (View Contents)	06-Sep-2021 11:59	11.1M
biology.meta.stackexchange.com.7z (View Contents)	06-Sep-2021 11:59	2.9M
biology.stackexchange.com.7z (View Contents)	06-Sep-2021 11:59	67.8M
bitcoin.meta.stackexchange.com.7z (View Contents)	06-Sep-2021 12:00	1.2M
bitcoin.stackexchange.com.7z (View Contents)	06-Sep-2021 12:00	55.7M
blender.meta.stackexchange.com.7z (View Contents)	06-Sep-2021 12:00	2.5M
blender.stackexchange.com.7z (View Contents)	06-Sep-2021 12:00	130.1M
boardgames.meta.stackexchange.com.7z (View Contents)	06-Sep-2021 12:00	2.2M
boardgames.stackexchange.com.7z (View Contents)	06-Sep-2021 12:00	35.2M
bricks.meta.stackexchange.com.7z (View Contents)	06-Sep-2021 12:00	582.0K
bricks.stackexchange.com.7z (View Contents)	06-Sep-2021 12:00	8.7M
buddhism.meta.stackexchange.com.7z (View Contents)	06-Sep-2021 12:00	2.0M
buddhism.stackexchange.com.7z (View Contents)	06-Sep-2021 12:00	43.3M
cardano.meta.stackexchange.com.7z (View Contents)	06-Sep-2021 12:00	69.7K
cardano.stackexchange.com.7z (View Contents)	06-Sep-2021 12:00	1.1M
chemistry.meta.stackexchange.com.7z (View Contents)	06-Sep-2021 12:00	4.9M
chemistry.stackexchange.com.7z (View Contents)	06-Sep-2021 12:01	97.8M
chess.meta.stackexchange.com.7z (View Contents)	06-Sep-2021 12:01	912.5K
chess.stackexchange.com.7z (View Contents)	06-Sep-2021 12:01	25.3M
chinese.meta.stackexchange.com.7z (View Contents)	06-Sep-2021 12:01	1.2M
chinese.stackexchange.com.7z (View Contents)	06-Sep-2021 12:01	27.2M
christianity.meta.stackexchange.com.7z (View Contents)	06-Sep-2021 12:01	6.6M
christianity.stackexchange.com.7z (View Contents)	06-Sep-2021 12:01	90.4M
civicrm.meta.stackexchange.com.7z (View Contents)	06-Sep-2021 12:01	160.9K
civicrm.stackexchange.com.7z (View Contents)	06-Sep-2021 12:02	18.7M
codegolf.meta.stackexchange.com.7z (View Contents)	06-Sep-2021 12:02	21.3M
codegolf.stackexchange.com.7z (View Contents)	06-Sep-2021 13:02	329.6M
codereview.meta.stackexchange.com.7z (View Contents)	06-Sep-2021 12:09	9.7M
codereview.stackexchange.com.7z (View Contents)	06-Sep-2021 13:03	465.9M
coffee.meta.stackexchange.com.7z (View Contents)	06-Sep-2021 12:09	246.3K
coffee.stackexchange.com.7z (View Contents)	06-Sep-2021 12:09	4.0M
cogsci.meta.stackexchange.com.7z (View Contents)	06-Sep-2021 12:09	2.0M
cogsci.stackexchange.com.7z (View Contents)	06-Sep-2021 12:09	23.2M
computergraphics.meta.stackexchange.com.7z (View Contents)	06-Sep-2021 12:10	360.3K
computergraphics.stackexchange.com.7z (View Contents)	06-Sep-2021 12:10	9.3M
conlang.meta.stackexchange.com.7z (View Contents)	06-Sep-2021 12:10	174.3K
conlang.stackexchange.com.7z (View Contents)	06-Sep-2021 12:10	1.6M
cooking.meta.stackexchange.com.7z (View Contents)	06-Sep-2021 12:10	3.2M
cooking.stackexchange.com.7z (View Contents)	06-Sep-2021 12:10	66.3M
craftcms.meta.stackexchange.com.7z (View Contents)	06-Sep-2021 12:10	192.5K
craftcms.stackexchange.com.7z (View Contents)	06-Sep-2021 12:10	19.6M
crafts.meta.stackexchange.com.7z (View Contents)	06-Sep-2021 12:10	537.9K
crafts.stackexchange.com.7z (View Contents)	06-Sep-2021 12:10	5.8M
crypto.meta.stackexchange.com.7z (View Contents)	06-Sep-2021 12:10	2.0M
crypto.stackexchange.com.7z (View Contents)	06-Sep-2021 12:10	78.6M
cs.meta.stackexchange.com.7z (View Contents)	06-Sep-2021 12:11	2.8M
cs.stackexchange.com.7z (View Contents)	06-Sep-2021 12:11	99.6M
cseducators.meta.stackexchange.com.7z (View Contents)	06-Sep-2021 12:11	626.6K
cseducators.stackexchange.com.7z (View Contents)	06-Sep-2021 12:11	7.9M
cstheory.meta.stackexchange.com.7z (View Contents)	06-Sep-2021 12:11	2.2M
cstheory.stackexchange.com.7z (View Contents)	06-Sep-2021 12:11	36.0M
datascience.meta.stackexchange.com.7z (View Contents)	06-Sep-2021 12:11	752.4K
datascience.stackexchange.com.7z (View Contents)	06-Sep-2021 12:11	64.3M
dba.meta.stackexchange.com.7z (View Contents)	06-Sep-2021 12:11	3.2M
dba.stackexchange.com.7z (View Contents)	06-Sep-2021 12:12	259.5M
devops.meta.stackexchange.com.7z (View Contents)	06-Sep-2021 12:12	390.9K
devops.stackexchange.com.7z (View Contents)	06-Sep-2021 12:12	11.3M
diy.meta.stackexchange.com.7z (View Contents)	06-Sep-2021 12:12	1.5M
diy.stackexchange.com.7z (View Contents)	06-Sep-2021 12:13	143.7M
drones.meta.stackexchange.com.7z (View Contents)	06-Sep-2021 12:13	155.4K
drones.stackexchange.com.7z (View Contents)	06-Sep-2021 12:13	1.8M
drupal.meta.stackexchange.com.7z (View Contents)	06-Sep-2021 12:13	2.5M
drupal.stackexchange.com.7z (View Contents)	06-Sep-2021 12:13	145.7M
dsp.meta.stackexchange.com.7z (View Contents)	06-Sep-2021 12:13	805.2K
dsp.stackexchange.com.7z (View Contents)	06-Sep-2021 12:14	62.0M
earthscience.meta.stackexchange.com.7z (View Contents)	06-Sep-2021 12:14	1.0M
earthscience.stackexchange.com.7z (View Contents)	06-Sep-2021 12:14	17.1M
ebooks.meta.stackexchange.com.7z (View Contents)	06-Sep-2021 12:14	291.3K
ebooks.stackexchange.com.7z (View Contents)	06-Sep-2021 12:14	3.9M
economics.meta.stackexchange.com.7z (View Contents)	06-Sep-2021 12:14	1.2M
economics.stackexchange.com.7z (View Contents)	06-Sep-2021 12:14	30.4M
electronics.meta.stackexchange.com.7z (View Contents)	06-Sep-2021 12:14	6.2M
electronics.stackexchange.com.7z (View Contents)	06-Sep-2021 13:05	449.6M
elementaryos.meta.stackexchange.com.7z (View Contents)	06-Sep-2021 12:14	260.0K
elementaryos.stackexchange.com.7z (View Contents)	06-Sep-2021 13:05	12.7M
ell.meta.stackexchange.com.7z (View Contents)	06-Sep-2021 12:19	5.1M
ell.stackexchange.com.7z (View Contents)	06-Sep-2021 12:19	167.1M
emacs.meta.stackexchange.com.7z (View Contents)	06-Sep-2021 12:19	826.5K
emacs.stackexchange.com.7z (View Contents)	06-Sep-2021 12:20	42.7M
engineering.meta.stackexchange.com.7z (View Contents)	06-Sep-2021 12:20	1,019.4K
engineering.stackexchange.com.7z (View Contents)	06-Sep-2021 12:20	29.1M
english.meta.stackexchange.com.7z (View Contents)	06-Sep-2021 12:20	16.8M
english.stackexchange.com.7z (View Contents)	06-Sep-2021 13:06	356.2M
eosio.meta.stackexchange.com.7z (View Contents)	06-Sep-2021 12:20	76.5K
eosio.stackexchange.com.7z (View Contents)	06-Sep-2021 12:20	3.7M
es.meta.stackoverflow.com.7z (View Contents)	06-Sep-2021 12:20	8.0M
es.stackoverflow.com.7z (View Contents)	06-Sep-2021 13:07	411.7M
esperanto.meta.stackexchange.com.7z (View Contents)	06-Sep-2021 12:20	189.8K
esperanto.stackexchange.com.7z (View Contents)	06-Sep-2021 12:20	3.7M
ethereum.meta.stackexchange.com.7z (View Contents)	06-Sep-2021 12:20	893.1K
ethereum.stackexchange.com.7z (View Contents)	06-Sep-2021 12:20	65.1M
expatriates.meta.stackexchange.com.7z (View Contents)	06-Sep-2021 12:20	456.9K
expatriates.stackexchange.com.7z (View Contents)	06-Sep-2021 12:21	13.3M
expressionengine.meta.stackexchange.com.7z (View Contents)	06-Sep-2021 12:21	356.6K
expressionengine.stackexchange.com.7z (View Contents)	06-Sep-2021 12:21	17.9M
fitness.meta.stackexchange.com.7z (View Contents)	06-Sep-2021 12:21	876.4K
fitness.stackexchange.com.7z (View Contents)	06-Sep-2021 12:21	27.2M
freelancing.meta.stackexchange.com.7z (View Contents)	06-Sep-2021 12:21	381.2K
freelancing.stackexchange.com.7z (View Contents)	06-Sep-2021 12:21	7.4M
french.meta.stackexchange.com.7z (View Contents)	06-Sep-2021 12:21	1.2M
french.stackexchange.com.7z (View Contents)	06-Sep-2021 12:22	35.6M
gamedev.meta.stackexchange.com.7z (View Contents)	06-Sep-2021 12:22	3.3M
gamedev.stackexchange.com.7z (View Contents)	06-Sep-2021 12:22	149.2M
gaming.meta.stackexchange.com.7z (View Contents)	06-Sep-2021 12:23	14.4M
gaming.stackexchange.com.7z (View Contents)	06-Sep-2021 12:23	196.4M
gardening.meta.stackexchange.com.7z (View Contents)	06-Sep-2021 12:23	949.4K
gardening.stackexchange.com.7z (View Contents)	06-Sep-2021 12:23	33.5M
genealogy.meta.stackexchange.com.7z (View Contents)	06-Sep-2021 12:23	1.9M
genealogy.stackexchange.com.7z (View Contents)	06-Sep-2021 12:23	13.4M
german.meta.stackexchange.com.7z (View Contents)	06-Sep-2021 12:23	2.2M
german.stackexchange.com.7z (View Contents)	06-Sep-2021 12:24	50.5M
gis.meta.stackexchange.com.7z (View Contents)	06-Sep-2021 12:24	4.0M
gis.stackexchange.com.7z (View Contents)	06-Sep-2021 13:08	303.6M
graphicdesign.meta.stackexchange.com.7z (View Contents)	06-Sep-2021 12:24	3.2M
graphicdesign.stackexchange.com.7z (View Contents)	06-Sep-2021 12:24	80.6M
ham.meta.stackexchange.com.7z (View Contents)	06-Sep-2021 12:24	513.6K
ham.stackexchange.com.7z (View Contents)	06-Sep-2021 12:24	13.4M
hardwarerecs.meta.stackexchange.com.7z (View Contents)	06-Sep-2021 12:24	946.9K
hardwarerecs.stackexchange.com.7z (View Contents)	06-Sep-2021 12:24	8.4M
health.meta.stackexchange.com.7z (View Contents)	06-Sep-2021 12:24	1.7M
health.stackexchange.com.7z (View Contents)	06-Sep-2021 12:24	18.3M
hermeneutics.meta.stackexchange.com.7z (View Contents)	06-Sep-2021 12:24	2.8M
hermeneutics.stackexchange.com.7z (View Contents)	06-Sep-2021 12:24	78.8M
hinduism.meta.stackexchange.com.7z (View Contents)	06-Sep-2021 12:25	3.1M
hinduism.stackexchange.com.7z (View Contents)	06-Sep-2021 12:25	56.3M
history.meta.stackexchange.com.7z (View Contents)	06-Sep-2021 12:25	2.9M
history.stackexchange.com.7z (View Contents)	06-Sep-2021 12:25	78.0M
homebrew.meta.stackexchange.com.7z (View Contents)	06-Sep-2021 12:25	360.5K
homebrew.stackexchange.com.7z (View Contents)	06-Sep-2021 12:25	13.2M
hsm.meta.stackexchange.com.7z (View Contents)	06-Sep-2021 12:25	455.7K
hsm.stackexchange.com.7z (View Contents)	06-Sep-2021 12:25	13.1M
interpersonal.meta.stackexchange.com.7z (View Contents)	06-Sep-2021 12:25	4.6M
interpersonal.stackexchange.com.7z (View Contents)	06-Sep-2021 12:25	30.3M
iot.meta.stackexchange.com.7z (View Contents)	06-Sep-2021 12:25	507.4K
iot.stackexchange.com.7z (View Contents)	06-Sep-2021 12:26	5.8M
iota.meta.stackexchange.com.7z (View Contents)	06-Sep-2021 12:26	95.2K
iota.stackexchange.com.7z (View Contents)	06-Sep-2021 12:26	2.0M
islam.meta.stackexchange.com.7z (View Contents)	06-Sep-2021 12:26	3.5M
islam.stackexchange.com.7z (View Contents)	06-Sep-2021 12:26	42.1M
italian.meta.stackexchange.com.7z (View Contents)	06-Sep-2021 12:26	599.2K
italian.stackexchange.com.7z (View Contents)	06-Sep-2021 12:26	9.3M
ja.meta.stackoverflow.com.7z (View Contents)	06-Sep-2021 12:26	3.1M
ja.stackoverflow.com.7z (View Contents)	06-Sep-2021 12:26	62.1M
japanese.meta.stackexchange.com.7z (View Contents)	06-Sep-2021 12:26	2.7M
japanese.stackexchange.com.7z (View Contents)	06-Sep-2021 12:27	52.9M
joomla.meta.stackexchange.com.7z (View Contents)	06-Sep-2021 12:27	397.8K
joomla.stackexchange.com.7z (View Contents)	06-Sep-2021 12:27	13.9M
judaism.meta.stackexchange.com.7z (View Contents)	06-Sep-2021 12:27	5.4M
judaism.stackexchange.com.7z (View Contents)	06-Sep-2021 12:27	106.2M
korean.meta.stackexchange.com.7z (View Contents)	06-Sep-2021 12:27	240.8K
korean.stackexchange.com.7z (View Contents)	06-Sep-2021 12:27	3.9M
languagelearning.meta.stackexchange.com.7z (View Contents)	06-Sep-2021 12:27	558.6K
languagelearning.stackexchange.com.7z (View Contents)	06-Sep-2021 12:27	3.9M
latin.meta.stackexchange.com.7z (View Contents)	06-Sep-2021 12:27	729.1K
latin.stackexchange.com.7z (View Contents)	06-Sep-2021 12:27	15.1M
law.meta.stackexchange.com.7z (View Contents)	06-Sep-2021 12:27	1.5M
law.stackexchange.com.7z (View Contents)	06-Sep-2021 12:28	59.9M
lifehacks.meta.stackexchange.com.7z (View Contents)	06-Sep-2021 12:28	1.0M
lifehacks.stackexchange.com.7z (View Contents)	06-Sep-2021 12:28	11.2M
linguistics.meta.stackexchange.com.7z (View Contents)	06-Sep-2021 12:28	1.1M
linguistics.stackexchange.com.7z (View Contents)	06-Sep-2021 12:28	30.0M
literature.meta.stackexchange.com.7z (View Contents)	06-Sep-2021 12:28	2.2M
literature.stackexchange.com.7z (View Contents)	06-Sep-2021 12:28	18.5M
magento.meta.stackexchange.com.7z (View Contents)	06-Sep-2021 12:28	1.6M
magento.stackexchange.com.7z (View Contents)	06-Sep-2021 13:08	185.1M
martialarts.meta.stackexchange.com.7z (View Contents)	06-Sep-2021 12:34	795.9K
martialarts.stackexchange.com.7z (View Contents)	06-Sep-2021 12:34	10.5M
materials.meta.stackexchange.com.7z (View Contents)	06-Sep-2021 12:34	395.5K
materials.stackexchange.com.7z (View Contents)	06-Sep-2021 12:34	5.4M
math.meta.stackexchange.com.7z (View Contents)	06-Sep-2021 12:34	42.5M
math.stackexchange.com.7z (View Contents)	07-Sep-2021 15:29	2.7G
matheducators.meta.stackexchange.com.7z (View Contents)	06-Sep-2021 12:34	863.4K
matheducators.stackexchange.com.7z (View Contents)	06-Sep-2021 12:34	18.1M
mathematica.meta.stackexchange.com.7z (View Contents)	06-Sep-2021 12:34	3.4M
mathematica.stackexchange.com.7z (View Contents)	06-Sep-2021 12:35	235.0M
mathoverflow.net.7z (View Contents)	06-Sep-2021 13:09	384.0M
mechanics.meta.stackexchange.com.7z (View Contents)	06-Sep-2021 12:35	1.2M
mechanics.stackexchange.com.7z (View Contents)	06-Sep-2021 12:35	49.1M
meta.askubuntu.com.7z (View Contents)	06-Sep-2021 12:35	18.2M
meta.mathoverflow.net.7z (View Contents)	06-Sep-2021 12:35	7.2M
meta.serverfault.com.7z (View Contents)	06-Sep-2021 12:35	9.6M
meta.stackexchange.com.7z (View Contents)	06-Sep-2021 13:11	350.9M
meta.stackoverflow.com.7z (View Contents)	06-Sep-2021 12:36	272.7M
meta.superuser.com.7z (View Contents)	06-Sep-2021 12:36	17.6M
moderators.meta.stackexchange.com.7z (View Contents)	06-Sep-2021 12:36	484.0K
moderators.stackexchange.com.7z (View Contents)	06-Sep-2021 12:36	2.8M
monero.meta.stackexchange.com.7z (View Contents)	06-Sep-2021 12:36	216.3K
money.meta.stackexchange.com.7z (View Contents)	06-Sep-2021 12:36	2.3M
money.stackexchange.com.7z (View Contents)	06-Sep-2021 12:37	99.0M
movies.meta.stackexchange.com.7z (View Contents)	06-Sep-2021 12:37	4.7M
movies.stackexchange.com.7z (View Contents)	06-Sep-2021 12:37	68.5M
music.meta.stackexchange.com.7z (View Contents)	06-Sep-2021 12:37	2.7M
music.stackexchange.com.7z (View Contents)	06-Sep-2021 12:37	77.7M
musicfans.meta.stackexchange.com.7z (View Contents)	06-Sep-2021 12:38	614.2K
musicfans.stackexchange.com.7z (View Contents)	06-Sep-2021 12:38	6.4M
mythology.meta.stackexchange.com.7z (View Contents)	06-Sep-2021 12:38	556.3K
mythology.stackexchange.com.7z (View Contents)	06-Sep-2021 12:38	7.6M
networkengineering.meta.stackexchange.com.7z (View Contents)	06-Sep-2021 12:38	1.2M
networkengineering.stackexchange.com.7z (View Contents)	06-Sep-2021 12:38	39.0M
opendata.meta.stackexchange.com.7z (View Contents)	06-Sep-2021 12:38	476.9K
opendata.stackexchange.com.7z (View Contents)	06-Sep-2021 12:38	10.7M
opensource.meta.stackexchange.com.7z (View Contents)	06-Sep-2021 12:38	888.5K
opensource.stackexchange.com.7z (View Contents)	06-Sep-2021 12:38	12.3M
or.meta.stackexchange.com.7z (View Contents)	06-Sep-2021 12:38	342.1K
or.stackexchange.com.7z (View Contents)	06-Sep-2021 12:38	6.4M
outdoors.meta.stackexchange.com.7z (View Contents)	06-Sep-2021 12:38	1.6M
outdoors.stackexchange.com.7z (View Contents)	06-Sep-2021 12:38	25.4M
parenting.meta.stackexchange.com.7z (View Contents)	06-Sep-2021 12:38	2.0M
parenting.stackexchange.com.7z (View Contents)	06-Sep-2021 12:39	35.8M
patents.meta.stackexchange.com.7z (View Contents)	06-Sep-2021 12:39	448.1K
patents.stackexchange.com.7z (View Contents)	06-Sep-2021 12:39	10.3M
pets.meta.stackexchange.com.7z (View Contents)	06-Sep-2021 12:39	1.3M
pets.stackexchange.com.7z (View Contents)	06-Sep-2021 12:39	21.3M
philosophy.meta.stackexchange.com.7z (View Contents)	06-Sep-2021 12:39	2.8M
philosophy.stackexchange.com.7z (View Contents)	06-Sep-2021 12:39	82.1M
photo.meta.stackexchange.com.7z (View Contents)	06-Sep-2021 12:39	4.1M
photo.stackexchange.com.7z (View Contents)	06-Sep-2021 12:39	92.3M
physics.meta.stackexchange.com.7z (View Contents)	06-Sep-2021 12:39	13.9M
physics.stackexchange.com.7z (View Contents)	06-Sep-2021 15:05	526.6M
pm.meta.stackexchange.com.7z (View Contents)	06-Sep-2021 12:39	1.1M
pm.stackexchange.com.7z (View Contents)	06-Sep-2021 12:40	23.5M
poker.meta.stackexchange.com.7z (View Contents)	06-Sep-2021 12:40	312.7K
poker.stackexchange.com.7z (View Contents)	06-Sep-2021 12:40	5.8M
politics.meta.stackexchange.com.7z (View Contents)	06-Sep-2021 12:40	3.7M
politics.stackexchange.com.7z (View Contents)	06-Sep-2021 12:40	75.7M
portuguese.meta.stackexchange.com.7z (View Contents)	06-Sep-2021 12:40	547.4K
portuguese.stackexchange.com.7z (View Contents)	06-Sep-2021 12:40	8.8M
pt.meta.stackoverflow.com.7z (View Contents)	06-Sep-2021 12:40	12.5M
pt.stackoverflow.com.7z (View Contents)	06-Sep-2021 13:13	418.2M
puzzling.meta.stackexchange.com.7z (View Contents)	06-Sep-2021 12:40	5.7M
puzzling.stackexchange.com.7z (View Contents)	06-Sep-2021 12:40	94.4M
quant.meta.stackexchange.com.7z (View Contents)	06-Sep-2021 12:40	688.9K
quant.stackexchange.com.7z (View Contents)	06-Sep-2021 12:41	41.6M
quantumcomputing.meta.stackexchange.com.7z (View Contents)	06-Sep-2021 12:41	780.3K
quantumcomputing.stackexchange.com.7z (View Contents)	06-Sep-2021 12:41	15.3M
raspberrypi.meta.stackexchange.com.7z (View Contents)	06-Sep-2021 12:41	1.7M
raspberrypi.stackexchange.com.7z (View Contents)	06-Sep-2021 12:41	84.9M
retrocomputing.meta.stackexchange.com.7z (View Contents)	06-Sep-2021 12:41	1.1M
retrocomputing.stackexchange.com.7z (View Contents)	06-Sep-2021 12:41	26.6M
reverseengineering.meta.stackexchange.com.7z (View Contents)	06-Sep-2021 12:41	501.1K
reverseengineering.stackexchange.com.7z (View Contents)	06-Sep-2021 12:41	22.9M
robotics.meta.stackexchange.com.7z (View Contents)	06-Sep-2021 12:41	548.6K
robotics.stackexchange.com.7z (View Contents)	06-Sep-2021 12:42	15.6M
rpg.meta.stackexchange.com.7z (View Contents)	06-Sep-2021 12:42	12.9M
rpg.stackexchange.com.7z (View Contents)	06-Sep-2021 12:42	221.0M
ru.meta.stackoverflow.com.7z (View Contents)	06-Sep-2021 12:42	15.4M
ru.stackoverflow.com.7z (View Contents)	06-Sep-2021 15:07	773.1M
rus.meta.stackexchange.com.7z (View Contents)	06-Sep-2021 12:42	560.1K
rus.stackexchange.com.7z (View Contents)	06-Sep-2021 12:43	40.1M
russian.meta.stackexchange.com.7z (View Contents)	06-Sep-2021 12:43	478.7K
russian.stackexchange.com.7z (View Contents)	06-Sep-2021 12:43	13.8M
salesforce.meta.stackexchange.com.7z (View Contents)	06-Sep-2021 12:43	2.1M
salesforce.stackexchange.com.7z (View Contents)	06-Sep-2021 12:43	212.2M
scicomp.meta.stackexchange.com.7z (View Contents)	06-Sep-2021 12:43	680.0K
scicomp.stackexchange.com.7z (View Contents)	06-Sep-2021 12:43	28.9M
scifi.meta.stackexchange.com.7z (View Contents)	06-Sep-2021 12:44	14.1M
scifi.stackexchange.com.7z (View Contents)	06-Sep-2021 12:44	264.8M
security.meta.stackexchange.com.7z (View Contents)	06-Sep-2021 12:44	4.4M
security.stackexchange.com.7z (View Contents)	06-Sep-2021 12:45	206.5M
serverfault.com.7z (View Contents)	06-Sep-2021 15:09	699.7M
sharepoint.meta.stackexchange.com.7z (View Contents)	06-Sep-2021 12:45	1.4M
sharepoint.stackexchange.com.7z (View Contents)	06-Sep-2021 13:14	149.5M
sitecore.meta.stackexchange.com.7z (View Contents)	06-Sep-2021 12:51	433.1K
sitecore.stackexchange.com.7z (View Contents)	06-Sep-2021 12:51	21.2M
skeptics.meta.stackexchange.com.7z (View Contents)	06-Sep-2021 12:51	6.0M
skeptics.stackexchange.com.7z (View Contents)	06-Sep-2021 12:52	64.8M
softwareengineering.meta.stackexchange.com.7z (View Contents)	06-Sep-2021 12:52	14.0M
softwareengineering.stackexchange.com.7z (View Contents)	06-Sep-2021 13:15	291.1M
softwarerecs.meta.stackexchange.com.7z (View Contents)	06-Sep-2021 12:52	2.6M
softwarerecs.stackexchange.com.7z (View Contents)	06-Sep-2021 12:52	41.4M
sound.meta.stackexchange.com.7z (View Contents)	06-Sep-2021 12:52	468.1K
sound.stackexchange.com.7z (View Contents)	06-Sep-2021 12:52	23.0M
space.meta.stackexchange.com.7z (View Contents)	06-Sep-2021 12:52	2.4M
space.stackexchange.com.7z (View Contents)	06-Sep-2021 12:52	60.0M
spanish.meta.stackexchange.com.7z (View Contents)	06-Sep-2021 12:52	2.0M
spanish.stackexchange.com.7z (View Contents)	06-Sep-2021 12:52	28.8M
sports.meta.stackexchange.com.7z (View Contents)	06-Sep-2021 12:52	1.1M
sports.stackexchange.com.7z (View Contents)	06-Sep-2021 12:53	13.9M
sqa.meta.stackexchange.com.7z (View Contents)	06-Sep-2021 12:53	557.3K
sqa.stackexchange.com.7z (View Contents)	06-Sep-2021 12:53	31.6M
stackapps.com.7z (View Contents)	06-Sep-2021 12:53	13.0M
stackoverflow.com-Badges.7z (View Contents)	06-Sep-2021 13:16	296.4M
stackoverflow.com-Comments.7z (View Contents)	07-Sep-2021 15:40	4.8G
stackoverflow.com-PostHistory.7z (View Contents)	07-Sep-2021 19:27	29.7G
stackoverflow.com-PostLinks.7z (View Contents)	06-Sep-2021 12:53	103.3M
stackoverflow.com-Posts.7z (View Contents)	07-Sep-2021 16:58	16.9G
stackoverflow.com-Tags.7z (View Contents)	06-Sep-2021 12:53	867.3K
stackoverflow.com-Users.7z (View Contents)	06-Sep-2021 15:12	777.9M
stackoverflow.com-Votes.7z (View Contents)	07-Sep-2021 15:43	1.3G
stats.meta.stackexchange.com.7z (View Contents)	06-Sep-2021 12:53	8.1M
stats.stackexchange.com.7z (View Contents)	06-Sep-2021 13:16	452.5M
stellar.meta.stackexchange.com.7z (View Contents)	06-Sep-2021 12:53	88.9K
stellar.stackexchange.com.7z (View Contents)	06-Sep-2021 12:53	2.4M
superuser.com.7z (View Contents)	06-Sep-2021 15:14	1,014.3M
sustainability.meta.stackexchange.com.7z (View Contents)	06-Sep-2021 12:53	557.9K
sustainability.stackexchange.com.7z (View Contents)	06-Sep-2021 12:53	7.6M
tex.meta.stackexchange.com.7z (View Contents)	06-Sep-2021 12:53	10.9M
tex.stackexchange.com.7z (View Contents)	06-Sep-2021 15:16	633.3M
tezos.meta.stackexchange.com.7z (View Contents)	06-Sep-2021 12:53	71.6K
tezos.stackexchange.com.7z (View Contents)	06-Sep-2021 12:53	2.5M
tor.meta.stackexchange.com.7z (View Contents)	06-Sep-2021 12:53	318.4K
tor.stackexchange.com.7z (View Contents)	06-Sep-2021 12:53	10.4M
travel.meta.stackexchange.com.7z (View Contents)	06-Sep-2021 12:54	5.4M
travel.stackexchange.com.7z (View Contents)	06-Sep-2021 12:54	119.5M
tridion.meta.stackexchange.com.7z (View Contents)	06-Sep-2021 12:54	443.6K
tridion.stackexchange.com.7z (View Contents)	06-Sep-2021 12:54	14.9M
ukrainian.meta.stackexchange.com.7z (View Contents)	06-Sep-2021 12:54	570.1K
ukrainian.stackexchange.com.7z (View Contents)	06-Sep-2021 12:54	7.0M
unix.meta.stackexchange.com.7z (View Contents)	06-Sep-2021 12:54	6.9M
unix.stackexchange.com.7z (View Contents)	06-Sep-2021 15:18	551.4M
ux.meta.stackexchange.com.7z (View Contents)	06-Sep-2021 12:54	2.6M
ux.stackexchange.com.7z (View Contents)	06-Sep-2021 12:54	98.8M
vegetarianism.meta.stackexchange.com.7z (View Contents)	06-Sep-2021 12:54	394.5K
vegetarianism.stackexchange.com.7z (View Contents)	06-Sep-2021 12:54	2.6M
vi.meta.stackexchange.com.7z (View Contents)	06-Sep-2021 12:54	712.7K
vi.stackexchange.com.7z (View Contents)	06-Sep-2021 12:55	25.5M
webapps.meta.stackexchange.com.7z (View Contents)	06-Sep-2021 12:55	2.5M
webapps.stackexchange.com.7z (View Contents)	06-Sep-2021 12:55	63.5M
webmasters.meta.stackexchange.com.7z (View Contents)	06-Sep-2021 12:55	1.7M
webmasters.stackexchange.com.7z (View Contents)	06-Sep-2021 13:17	76.4M
windowsphone.meta.stackexchange.com.7z (View Contents)	06-Sep-2021 12:57	346.6K
windowsphone.stackexchange.com.7z (View Contents)	06-Sep-2021 12:57	5.5M
woodworking.meta.stackexchange.com.7z (View Contents)	06-Sep-2021 12:57	351.0K
woodworking.stackexchange.com.7z (View Contents)	06-Sep-2021 12:57	10.7M
wordpress.meta.stackexchange.com.7z (View Contents)	06-Sep-2021 12:57	3.2M
wordpress.stackexchange.com.7z (View Contents)	06-Sep-2021 13:17	211.3M
workplace.meta.stackexchange.com.7z (View Contents)	06-Sep-2021 12:58	8.0M
workplace.stackexchange.com.7z (View Contents)	06-Sep-2021 12:59	148.7M
worldbuilding.meta.stackexchange.com.7z (View Contents)	06-Sep-2021 12:59	10.0M
worldbuilding.stackexchange.com.7z (View Contents)	06-Sep-2021 13:18	269.0M
writers.meta.stackexchange.com.7z (View Contents)	06-Sep-2021 12:59	3.1M
writers.stackexchange.com.7z (View Contents)	06-Sep-2021 12:59	52.0M