StackExchange,Size,Number of XMLs
3dprinting.meta.stackexchange.com.7z,660.1K,8,Badges.xml,Comments.xml,PostHistory.xml,PostLinks.xml,Posts.xml,Tags.xml,Users.xml,Votes.xml
3dprinting.stackexchange.com.7z,13.9M,8,Badges.xml,Comments.xml,PostHistory.xml,PostLinks.xml,Posts.xml,Tags.xml,Users.xml,Votes.xml
academia.meta.stackexchange.com.7z,4.8M,8,Badges.xml,Comments.xml,PostHistory.xml,PostLinks.xml,Posts.xml,Tags.xml,Users.xml,Votes.xml
academia.stackexchange.com.7z,137.0M,8,Badges.xml,Comments.xml,PostHistory.xml,PostLinks.xml,Posts.xml,Tags.xml,Users.xml,Votes.xml
ai.meta.stackexchange.com.7z,901.0K,8,Badges.xml,Comments.xml,PostHistory.xml,PostLinks.xml,Posts.xml,Tags.xml,Users.xml,Votes.xml
ai.stackexchange.com.7z,25.2M,8,Badges.xml,Comments.xml,PostHistory.xml,PostLinks.xml,Posts.xml,Tags.xml,Users.xml,Votes.xml
android.meta.stackexchange.com.7z,2.9M,8,Badges.xml,Comments.xml,PostHistory.xml,PostLinks.xml,Posts.xml,Tags.xml,Users.xml,Votes.xml
android.stackexchange.com.7z,106.0M,8,Badges.xml,Comments.xml,PostHistory.xml,PostLinks.xml,Posts.xml,Tags.xml,Users.xml,Votes.xml
anime.meta.stackexchange.com.7z,3.9M,8,Badges.xml,Comments.xml,PostHistory.xml,PostLinks.xml,Posts.xml,Tags.xml,Users.xml,Votes.xml
anime.stackexchange.com.7z,31.5M,8,Badges.xml,Comments.xml,PostHistory.xml,PostLinks.xml,Posts.xml,Tags.xml,Users.xml,Votes.xml
apple.meta.stackexchange.com.7z,4.3M,8,Badges.xml,Comments.xml,PostHistory.xml,PostLinks.xml,Posts.xml,Tags.xml,Users.xml,Votes.xml
apple.stackexchange.com.7z,239.6M,8,Badges.xml,Comments.xml,PostHistory.xml,PostLinks.xml,Posts.xml,Tags.xml,Users.xml,Votes.xml
arduino.meta.stackexchange.com.7z,942.0K,8,Badges.xml,Comments.xml,PostHistory.xml,PostLinks.xml,Posts.xml,Tags.xml,Users.xml,Votes.xml
arduino.stackexchange.com.7z,66.4M,8,Badges.xml,Comments.xml,PostHistory.xml,PostLinks.xml,Posts.xml,Tags.xml,Users.xml,Votes.xml
askubuntu.com.7z,880.2M,8,Badges.xml,Comments.xml,PostHistory.xml,PostLinks.xml,Posts.xml,Tags.xml,Users.xml,Votes.xml
astronomy.meta.stackexchange.com.7z,971.3K,8,Badges.xml,Comments.xml,PostHistory.xml,PostLinks.xml,Posts.xml,Tags.xml,Users.xml,Votes.xml
astronomy.stackexchange.com.7z,34.9M,8,Badges.xml,Comments.xml,PostHistory.xml,PostLinks.xml,Posts.xml,Tags.xml,Users.xml,Votes.xml
aviation.meta.stackexchange.com.7z,2.2M,8,Badges.xml,Comments.xml,PostHistory.xml,PostLinks.xml,Posts.xml,Tags.xml,Users.xml,Votes.xml
aviation.stackexchange.com.7z,80.0M,8,Badges.xml,Comments.xml,PostHistory.xml,PostLinks.xml,Posts.xml,Tags.xml,Users.xml,Votes.xml
avp.meta.stackexchange.com.7z,545.2K,8,Badges.xml,Comments.xml,PostHistory.xml,PostLinks.xml,Posts.xml,Tags.xml,Users.xml,Votes.xml
avp.stackexchange.com.7z,17.0M,8,Badges.xml,Comments.xml,PostHistory.xml,PostLinks.xml,Posts.xml,Tags.xml,Users.xml,Votes.xml
beer.meta.stackexchange.com.7z,262.7K,8,Badges.xml,Comments.xml,PostHistory.xml,PostLinks.xml,Posts.xml,Tags.xml,Users.xml,Votes.xml
beer.stackexchange.com.7z,3.6M,8,Badges.xml,Comments.xml,PostHistory.xml,PostLinks.xml,Posts.xml,Tags.xml,Users.xml,Votes.xml
bicycles.meta.stackexchange.com.7z,1.4M,8,Badges.xml,Comments.xml,PostHistory.xml,PostLinks.xml,Posts.xml,Tags.xml,Users.xml,Votes.xml
bicycles.stackexchange.com.7z,56.8M,8,Badges.xml,Comments.xml,PostHistory.xml,PostLinks.xml,Posts.xml,Tags.xml,Users.xml,Votes.xml
bioinformatics.meta.stackexchange.com.7z,329.9K,8,Badges.xml,Comments.xml,PostHistory.xml,PostLinks.xml,Posts.xml,Tags.xml,Users.xml,Votes.xml
bioinformatics.stackexchange.com.7z,11.1M,8,Badges.xml,Comments.xml,PostHistory.xml,PostLinks.xml,Posts.xml,Tags.xml,Users.xml,Votes.xml
biology.meta.stackexchange.com.7z,2.9M,8,Badges.xml,Comments.xml,PostHistory.xml,PostLinks.xml,Posts.xml,Tags.xml,Users.xml,Votes.xml
biology.stackexchange.com.7z,67.8M,8,Badges.xml,Comments.xml,PostHistory.xml,PostLinks.xml,Posts.xml,Tags.xml,Users.xml,Votes.xml
bitcoin.meta.stackexchange.com.7z,1.2M,8,Badges.xml,Comments.xml,PostHistory.xml,PostLinks.xml,Posts.xml,Tags.xml,Users.xml,Votes.xml
bitcoin.stackexchange.com.7z,55.7M,8,Badges.xml,Comments.xml,PostHistory.xml,PostLinks.xml,Posts.xml,Tags.xml,Users.xml,Votes.xml
blender.meta.stackexchange.com.7z,2.5M,8,Badges.xml,Comments.xml,PostHistory.xml,PostLinks.xml,Posts.xml,Tags.xml,Users.xml,Votes.xml
blender.stackexchange.com.7z,130.1M,8,Badges.xml,Comments.xml,PostHistory.xml,PostLinks.xml,Posts.xml,Tags.xml,Users.xml,Votes.xml
boardgames.meta.stackexchange.com.7z,2.2M,8,Badges.xml,Comments.xml,PostHistory.xml,PostLinks.xml,Posts.xml,Tags.xml,Users.xml,Votes.xml
boardgames.stackexchange.com.7z,35.2M,8,Badges.xml,Comments.xml,PostHistory.xml,PostLinks.xml,Posts.xml,Tags.xml,Users.xml,Votes.xml
bricks.meta.stackexchange.com.7z,582.0K,8,Badges.xml,Comments.xml,PostHistory.xml,PostLinks.xml,Posts.xml,Tags.xml,Users.xml,Votes.xml
bricks.stackexchange.com.7z,8.7M,8,Badges.xml,Comments.xml,PostHistory.xml,PostLinks.xml,Posts.xml,Tags.xml,Users.xml,Votes.xml
buddhism.meta.stackexchange.com.7z,2.0M,8,Badges.xml,Comments.xml,PostHistory.xml,PostLinks.xml,Posts.xml,Tags.xml,Users.xml,Votes.xml
buddhism.stackexchange.com.7z,43.3M,8,Badges.xml,Comments.xml,PostHistory.xml,PostLinks.xml,Posts.xml,Tags.xml,Users.xml,Votes.xml
cardano.meta.stackexchange.com.7z,69.7K,8,Badges.xml,Comments.xml,PostHistory.xml,PostLinks.xml,Posts.xml,Tags.xml,Users.xml,Votes.xml
cardano.stackexchange.com.7z,1.1M,8,Badges.xml,Comments.xml,PostHistory.xml,PostLinks.xml,Posts.xml,Tags.xml,Users.xml,Votes.xml
chemistry.meta.stackexchange.com.7z,4.9M,8,Badges.xml,Comments.xml,PostHistory.xml,PostLinks.xml,Posts.xml,Tags.xml,Users.xml,Votes.xml
chemistry.stackexchange.com.7z,97.8M,8,Badges.xml,Comments.xml,PostHistory.xml,PostLinks.xml,Posts.xml,Tags.xml,Users.xml,Votes.xml
chess.meta.stackexchange.com.7z,912.5K,8,Badges.xml,Comments.xml,PostHistory.xml,PostLinks.xml,Posts.xml,Tags.xml,Users.xml,Votes.xml
chess.stackexchange.com.7z,25.3M,8,Badges.xml,Comments.xml,PostHistory.xml,PostLinks.xml,Posts.xml,Tags.xml,Users.xml,Votes.xml
chinese.meta.stackexchange.com.7z,1.2M,8,Badges.xml,Comments.xml,PostHistory.xml,PostLinks.xml,Posts.xml,Tags.xml,Users.xml,Votes.xml
chinese.stackexchange.com.7z,27.2M,8,Badges.xml,Comments.xml,PostHistory.xml,PostLinks.xml,Posts.xml,Tags.xml,Users.xml,Votes.xml
christianity.meta.stackexchange.com.7z,6.6M,8,Badges.xml,Comments.xml,PostHistory.xml,PostLinks.xml,Posts.xml,Tags.xml,Users.xml,Votes.xml
christianity.stackexchange.com.7z,90.4M,8,Badges.xml,Comments.xml,PostHistory.xml,PostLinks.xml,Posts.xml,Tags.xml,Users.xml,Votes.xml
civicrm.meta.stackexchange.com.7z,160.9K,8,Badges.xml,Comments.xml,PostHistory.xml,PostLinks.xml,Posts.xml,Tags.xml,Users.xml,Votes.xml
civicrm.stackexchange.com.7z,18.7M,8,Badges.xml,Comments.xml,PostHistory.xml,PostLinks.xml,Posts.xml,Tags.xml,Users.xml,Votes.xml
codegolf.meta.stackexchange.com.7z,21.3M,8,Badges.xml,Comments.xml,PostHistory.xml,PostLinks.xml,Posts.xml,Tags.xml,Users.xml,Votes.xml
codegolf.stackexchange.com.7z,329.6M,8,Badges.xml,Comments.xml,PostHistory.xml,PostLinks.xml,Posts.xml,Tags.xml,Users.xml,Votes.xml
codereview.meta.stackexchange.com.7z,9.7M,8,Badges.xml,Comments.xml,PostHistory.xml,PostLinks.xml,Posts.xml,Tags.xml,Users.xml,Votes.xml
codereview.stackexchange.com.7z,465.9M,8,Badges.xml,Comments.xml,PostHistory.xml,PostLinks.xml,Posts.xml,Tags.xml,Users.xml,Votes.xml
coffee.meta.stackexchange.com.7z,246.3K,8,Badges.xml,Comments.xml,PostHistory.xml,PostLinks.xml,Posts.xml,Tags.xml,Users.xml,Votes.xml
coffee.stackexchange.com.7z,4.0M,8,Badges.xml,Comments.xml,PostHistory.xml,PostLinks.xml,Posts.xml,Tags.xml,Users.xml,Votes.xml
cogsci.meta.stackexchange.com.7z,2.0M,8,Badges.xml,Comments.xml,PostHistory.xml,PostLinks.xml,Posts.xml,Tags.xml,Users.xml,Votes.xml
cogsci.stackexchange.com.7z,23.2M,8,Badges.xml,Comments.xml,PostHistory.xml,PostLinks.xml,Posts.xml,Tags.xml,Users.xml,Votes.xml
computergraphics.meta.stackexchange.com.7z,360.3K,8,Badges.xml,Comments.xml,PostHistory.xml,PostLinks.xml,Posts.xml,Tags.xml,Users.xml,Votes.xml
computergraphics.stackexchange.com.7z,9.3M,8,Badges.xml,Comments.xml,PostHistory.xml,PostLinks.xml,Posts.xml,Tags.xml,Users.xml,Votes.xml
conlang.meta.stackexchange.com.7z,174.3K,8,Badges.xml,Comments.xml,PostHistory.xml,PostLinks.xml,Posts.xml,Tags.xml,Users.xml,Votes.xml
conlang.stackexchange.com.7z,1.6M,8,Badges.xml,Comments.xml,PostHistory.xml,PostLinks.xml,Posts.xml,Tags.xml,Users.xml,Votes.xml
cooking.meta.stackexchange.com.7z,3.2M,8,Badges.xml,Comments.xml,PostHistory.xml,PostLinks.xml,Posts.xml,Tags.xml,Users.xml,Votes.xml
cooking.stackexchange.com.7z,66.3M,8,Badges.xml,Comments.xml,PostHistory.xml,PostLinks.xml,Posts.xml,Tags.xml,Users.xml,Votes.xml
craftcms.meta.stackexchange.com.7z,192.5K,8,Badges.xml,Comments.xml,PostHistory.xml,PostLinks.xml,Posts.xml,Tags.xml,Users.xml,Votes.xml
craftcms.stackexchange.com.7z,19.6M,8,Badges.xml,Comments.xml,PostHistory.xml,PostLinks.xml,Posts.xml,Tags.xml,Users.xml,Votes.xml
crafts.meta.stackexchange.com.7z,537.9K,8,Badges.xml,Comments.xml,PostHistory.xml,PostLinks.xml,Posts.xml,Tags.xml,Users.xml,Votes.xml
crafts.stackexchange.com.7z,5.8M,8,Badges.xml,Comments.xml,PostHistory.xml,PostLinks.xml,Posts.xml,Tags.xml,Users.xml,Votes.xml
crypto.meta.stackexchange.com.7z,2.0M,8,Badges.xml,Comments.xml,PostHistory.xml,PostLinks.xml,Posts.xml,Tags.xml,Users.xml,Votes.xml
crypto.stackexchange.com.7z,78.6M,8,Badges.xml,Comments.xml,PostHistory.xml,PostLinks.xml,Posts.xml,Tags.xml,Users.xml,Votes.xml
cs.meta.stackexchange.com.7z,2.8M,8,Badges.xml,Comments.xml,PostHistory.xml,PostLinks.xml,Posts.xml,Tags.xml,Users.xml,Votes.xml
cs.stackexchange.com.7z,99.6M,8,Badges.xml,Comments.xml,PostHistory.xml,PostLinks.xml,Posts.xml,Tags.xml,Users.xml,Votes.xml
cseducators.meta.stackexchange.com.7z,626.6K,8,Badges.xml,Comments.xml,PostHistory.xml,PostLinks.xml,Posts.xml,Tags.xml,Users.xml,Votes.xml
cseducators.stackexchange.com.7z,7.9M,8,Badges.xml,Comments.xml,PostHistory.xml,PostLinks.xml,Posts.xml,Tags.xml,Users.xml,Votes.xml
cstheory.meta.stackexchange.com.7z,2.2M,8,Badges.xml,Comments.xml,PostHistory.xml,PostLinks.xml,Posts.xml,Tags.xml,Users.xml,Votes.xml
cstheory.stackexchange.com.7z,36.0M,8,Badges.xml,Comments.xml,PostHistory.xml,PostLinks.xml,Posts.xml,Tags.xml,Users.xml,Votes.xml
datascience.meta.stackexchange.com.7z,752.4K,8,Badges.xml,Comments.xml,PostHistory.xml,PostLinks.xml,Posts.xml,Tags.xml,Users.xml,Votes.xml
datascience.stackexchange.com.7z,64.3M,8,Badges.xml,Comments.xml,PostHistory.xml,PostLinks.xml,Posts.xml,Tags.xml,Users.xml,Votes.xml
dba.meta.stackexchange.com.7z,3.2M,8,Badges.xml,Comments.xml,PostHistory.xml,PostLinks.xml,Posts.xml,Tags.xml,Users.xml,Votes.xml
dba.stackexchange.com.7z,259.5M,8,Badges.xml,Comments.xml,PostHistory.xml,PostLinks.xml,Posts.xml,Tags.xml,Users.xml,Votes.xml
devops.meta.stackexchange.com.7z,390.9K,8,Badges.xml,Comments.xml,PostHistory.xml,PostLinks.xml,Posts.xml,Tags.xml,Users.xml,Votes.xml
devops.stackexchange.com.7z,11.3M,8,Badges.xml,Comments.xml,PostHistory.xml,PostLinks.xml,Posts.xml,Tags.xml,Users.xml,Votes.xml
diy.meta.stackexchange.com.7z,1.5M,8,Badges.xml,Comments.xml,PostHistory.xml,PostLinks.xml,Posts.xml,Tags.xml,Users.xml,Votes.xml
diy.stackexchange.com.7z,143.7M,8,Badges.xml,Comments.xml,PostHistory.xml,PostLinks.xml,Posts.xml,Tags.xml,Users.xml,Votes.xml
drones.meta.stackexchange.com.7z,155.4K,8,Badges.xml,Comments.xml,PostHistory.xml,PostLinks.xml,Posts.xml,Tags.xml,Users.xml,Votes.xml
drones.stackexchange.com.7z,1.8M,8,Badges.xml,Comments.xml,PostHistory.xml,PostLinks.xml,Posts.xml,Tags.xml,Users.xml,Votes.xml
drupal.meta.stackexchange.com.7z,2.5M,8,Badges.xml,Comments.xml,PostHistory.xml,PostLinks.xml,Posts.xml,Tags.xml,Users.xml,Votes.xml
drupal.stackexchange.com.7z,145.7M,8,Badges.xml,Comments.xml,PostHistory.xml,PostLinks.xml,Posts.xml,Tags.xml,Users.xml,Votes.xml
dsp.meta.stackexchange.com.7z,805.2K,8,Badges.xml,Comments.xml,PostHistory.xml,PostLinks.xml,Posts.xml,Tags.xml,Users.xml,Votes.xml
dsp.stackexchange.com.7z,62.0M,8,Badges.xml,Comments.xml,PostHistory.xml,PostLinks.xml,Posts.xml,Tags.xml,Users.xml,Votes.xml
earthscience.meta.stackexchange.com.7z,1.0M,8,Badges.xml,Comments.xml,PostHistory.xml,PostLinks.xml,Posts.xml,Tags.xml,Users.xml,Votes.xml
earthscience.stackexchange.com.7z,17.1M,8,Badges.xml,Comments.xml,PostHistory.xml,PostLinks.xml,Posts.xml,Tags.xml,Users.xml,Votes.xml
ebooks.meta.stackexchange.com.7z,291.3K,8,Badges.xml,Comments.xml,PostHistory.xml,PostLinks.xml,Posts.xml,Tags.xml,Users.xml,Votes.xml
ebooks.stackexchange.com.7z,3.9M,8,Badges.xml,Comments.xml,PostHistory.xml,PostLinks.xml,Posts.xml,Tags.xml,Users.xml,Votes.xml
economics.meta.stackexchange.com.7z,1.2M,8,Badges.xml,Comments.xml,PostHistory.xml,PostLinks.xml,Posts.xml,Tags.xml,Users.xml,Votes.xml
economics.stackexchange.com.7z,30.4M,8,Badges.xml,Comments.xml,PostHistory.xml,PostLinks.xml,Posts.xml,Tags.xml,Users.xml,Votes.xml
electronics.meta.stackexchange.com.7z,6.2M,8,Badges.xml,Comments.xml,PostHistory.xml,PostLinks.xml,Posts.xml,Tags.xml,Users.xml,Votes.xml
electronics.stackexchange.com.7z,449.6M,8,Badges.xml,Comments.xml,PostHistory.xml,PostLinks.xml,Posts.xml,Tags.xml,Users.xml,Votes.xml
elementaryos.meta.stackexchange.com.7z,260.0K,8,Badges.xml,Comments.xml,PostHistory.xml,PostLinks.xml,Posts.xml,Tags.xml,Users.xml,Votes.xml
elementaryos.stackexchange.com.7z,12.7M,8,Badges.xml,Comments.xml,PostHistory.xml,PostLinks.xml,Posts.xml,Tags.xml,Users.xml,Votes.xml
ell.meta.stackexchange.com.7z,5.1M,8,Badges.xml,Comments.xml,PostHistory.xml,PostLinks.xml,Posts.xml,Tags.xml,Users.xml,Votes.xml
ell.stackexchange.com.7z,167.1M,8,Badges.xml,Comments.xml,PostHistory.xml,PostLinks.xml,Posts.xml,Tags.xml,Users.xml,Votes.xml
emacs.meta.stackexchange.com.7z,826.5K,8,Badges.xml,Comments.xml,PostHistory.xml,PostLinks.xml,Posts.xml,Tags.xml,Users.xml,Votes.xml
emacs.stackexchange.com.7z,42.7M,8,Badges.xml,Comments.xml,PostHistory.xml,PostLinks.xml,Posts.xml,Tags.xml,Users.xml,Votes.xml
engineering.meta.stackexchange.com.7z,1019.4K,8,Badges.xml,Comments.xml,PostHistory.xml,PostLinks.xml,Posts.xml,Tags.xml,Users.xml,Votes.xml
engineering.stackexchange.com.7z,29.1M,8,Badges.xml,Comments.xml,PostHistory.xml,PostLinks.xml,Posts.xml,Tags.xml,Users.xml,Votes.xml
english.meta.stackexchange.com.7z,16.8M,8,Badges.xml,Comments.xml,PostHistory.xml,PostLinks.xml,Posts.xml,Tags.xml,Users.xml,Votes.xml
english.stackexchange.com.7z,356.2M,8,Badges.xml,Comments.xml,PostHistory.xml,PostLinks.xml,Posts.xml,Tags.xml,Users.xml,Votes.xml
eosio.meta.stackexchange.com.7z,76.5K,8,Badges.xml,Comments.xml,PostHistory.xml,PostLinks.xml,Posts.xml,Tags.xml,Users.xml,Votes.xml
eosio.stackexchange.com.7z,3.7M,8,Badges.xml,Comments.xml,PostHistory.xml,PostLinks.xml,Posts.xml,Tags.xml,Users.xml,Votes.xml
es.meta.stackoverflow.com.7z,8.0M,8,Badges.xml,Comments.xml,PostHistory.xml,PostLinks.xml,Posts.xml,Tags.xml,Users.xml,Votes.xml
es.stackoverflow.com.7z,411.7M,8,Badges.xml,Comments.xml,PostHistory.xml,PostLinks.xml,Posts.xml,Tags.xml,Users.xml,Votes.xml
esperanto.meta.stackexchange.com.7z,189.8K,8,Badges.xml,Comments.xml,PostHistory.xml,PostLinks.xml,Posts.xml,Tags.xml,Users.xml,Votes.xml
esperanto.stackexchange.com.7z,3.7M,8,Badges.xml,Comments.xml,PostHistory.xml,PostLinks.xml,Posts.xml,Tags.xml,Users.xml,Votes.xml
ethereum.meta.stackexchange.com.7z,893.1K,8,Badges.xml,Comments.xml,PostHistory.xml,PostLinks.xml,Posts.xml,Tags.xml,Users.xml,Votes.xml
ethereum.stackexchange.com.7z,65.1M,8,Badges.xml,Comments.xml,PostHistory.xml,PostLinks.xml,Posts.xml,Tags.xml,Users.xml,Votes.xml
expatriates.meta.stackexchange.com.7z,456.9K,8,Badges.xml,Comments.xml,PostHistory.xml,PostLinks.xml,Posts.xml,Tags.xml,Users.xml,Votes.xml
expatriates.stackexchange.com.7z,13.3M,8,Badges.xml,Comments.xml,PostHistory.xml,PostLinks.xml,Posts.xml,Tags.xml,Users.xml,Votes.xml
expressionengine.meta.stackexchange.com.7z,356.6K,8,Badges.xml,Comments.xml,PostHistory.xml,PostLinks.xml,Posts.xml,Tags.xml,Users.xml,Votes.xml
expressionengine.stackexchange.com.7z,17.9M,8,Badges.xml,Comments.xml,PostHistory.xml,PostLinks.xml,Posts.xml,Tags.xml,Users.xml,Votes.xml
fitness.meta.stackexchange.com.7z,876.4K,8,Badges.xml,Comments.xml,PostHistory.xml,PostLinks.xml,Posts.xml,Tags.xml,Users.xml,Votes.xml
fitness.stackexchange.com.7z,27.2M,8,Badges.xml,Comments.xml,PostHistory.xml,PostLinks.xml,Posts.xml,Tags.xml,Users.xml,Votes.xml
freelancing.meta.stackexchange.com.7z,381.2K,8,Badges.xml,Comments.xml,PostHistory.xml,PostLinks.xml,Posts.xml,Tags.xml,Users.xml,Votes.xml
freelancing.stackexchange.com.7z,7.4M,8,Badges.xml,Comments.xml,PostHistory.xml,PostLinks.xml,Posts.xml,Tags.xml,Users.xml,Votes.xml
french.meta.stackexchange.com.7z,1.2M,8,Badges.xml,Comments.xml,PostHistory.xml,PostLinks.xml,Posts.xml,Tags.xml,Users.xml,Votes.xml
french.stackexchange.com.7z,35.6M,8,Badges.xml,Comments.xml,PostHistory.xml,PostLinks.xml,Posts.xml,Tags.xml,Users.xml,Votes.xml
gamedev.meta.stackexchange.com.7z,3.3M,8,Badges.xml,Comments.xml,PostHistory.xml,PostLinks.xml,Posts.xml,Tags.xml,Users.xml,Votes.xml
gamedev.stackexchange.com.7z,149.2M,8,Badges.xml,Comments.xml,PostHistory.xml,PostLinks.xml,Posts.xml,Tags.xml,Users.xml,Votes.xml
gaming.meta.stackexchange.com.7z,14.4M,8,Badges.xml,Comments.xml,PostHistory.xml,PostLinks.xml,Posts.xml,Tags.xml,Users.xml,Votes.xml
gaming.stackexchange.com.7z,196.4M,8,Badges.xml,Comments.xml,PostHistory.xml,PostLinks.xml,Posts.xml,Tags.xml,Users.xml,Votes.xml
gardening.meta.stackexchange.com.7z,949.4K,8,Badges.xml,Comments.xml,PostHistory.xml,PostLinks.xml,Posts.xml,Tags.xml,Users.xml,Votes.xml
gardening.stackexchange.com.7z,33.5M,8,Badges.xml,Comments.xml,PostHistory.xml,PostLinks.xml,Posts.xml,Tags.xml,Users.xml,Votes.xml
genealogy.meta.stackexchange.com.7z,1.9M,8,Badges.xml,Comments.xml,PostHistory.xml,PostLinks.xml,Posts.xml,Tags.xml,Users.xml,Votes.xml
genealogy.stackexchange.com.7z,13.4M,8,Badges.xml,Comments.xml,PostHistory.xml,PostLinks.xml,Posts.xml,Tags.xml,Users.xml,Votes.xml
german.meta.stackexchange.com.7z,2.2M,8,Badges.xml,Comments.xml,PostHistory.xml,PostLinks.xml,Posts.xml,Tags.xml,Users.xml,Votes.xml
german.stackexchange.com.7z,50.5M,8,Badges.xml,Comments.xml,PostHistory.xml,PostLinks.xml,Posts.xml,Tags.xml,Users.xml,Votes.xml
gis.meta.stackexchange.com.7z,4.0M,8,Badges.xml,Comments.xml,PostHistory.xml,PostLinks.xml,Posts.xml,Tags.xml,Users.xml,Votes.xml
gis.stackexchange.com.7z,303.6M,8,Badges.xml,Comments.xml,PostHistory.xml,PostLinks.xml,Posts.xml,Tags.xml,Users.xml,Votes.xml
graphicdesign.meta.stackexchange.com.7z,3.2M,8,Badges.xml,Comments.xml,PostHistory.xml,PostLinks.xml,Posts.xml,Tags.xml,Users.xml,Votes.xml
graphicdesign.stackexchange.com.7z,80.6M,8,Badges.xml,Comments.xml,PostHistory.xml,PostLinks.xml,Posts.xml,Tags.xml,Users.xml,Votes.xml
ham.meta.stackexchange.com.7z,513.6K,8,Badges.xml,Comments.xml,PostHistory.xml,PostLinks.xml,Posts.xml,Tags.xml,Users.xml,Votes.xml
ham.stackexchange.com.7z,13.4M,8,Badges.xml,Comments.xml,PostHistory.xml,PostLinks.xml,Posts.xml,Tags.xml,Users.xml,Votes.xml
hardwarerecs.meta.stackexchange.com.7z,946.9K,8,Badges.xml,Comments.xml,PostHistory.xml,PostLinks.xml,Posts.xml,Tags.xml,Users.xml,Votes.xml
hardwarerecs.stackexchange.com.7z,8.4M,8,Badges.xml,Comments.xml,PostHistory.xml,PostLinks.xml,Posts.xml,Tags.xml,Users.xml,Votes.xml
health.meta.stackexchange.com.7z,1.7M,8,Badges.xml,Comments.xml,PostHistory.xml,PostLinks.xml,Posts.xml,Tags.xml,Users.xml,Votes.xml
health.stackexchange.com.7z,18.3M,8,Badges.xml,Comments.xml,PostHistory.xml,PostLinks.xml,Posts.xml,Tags.xml,Users.xml,Votes.xml
hermeneutics.meta.stackexchange.com.7z,2.8M,8,Badges.xml,Comments.xml,PostHistory.xml,PostLinks.xml,Posts.xml,Tags.xml,Users.xml,Votes.xml
hermeneutics.stackexchange.com.7z,78.8M,8,Badges.xml,Comments.xml,PostHistory.xml,PostLinks.xml,Posts.xml,Tags.xml,Users.xml,Votes.xml
hinduism.meta.stackexchange.com.7z,3.1M,8,Badges.xml,Comments.xml,PostHistory.xml,PostLinks.xml,Posts.xml,Tags.xml,Users.xml,Votes.xml
hinduism.stackexchange.com.7z,56.3M,8,Badges.xml,Comments.xml,PostHistory.xml,PostLinks.xml,Posts.xml,Tags.xml,Users.xml,Votes.xml
history.meta.stackexchange.com.7z,2.9M,8,Badges.xml,Comments.xml,PostHistory.xml,PostLinks.xml,Posts.xml,Tags.xml,Users.xml,Votes.xml
history.stackexchange.com.7z,78.0M,8,Badges.xml,Comments.xml,PostHistory.xml,PostLinks.xml,Posts.xml,Tags.xml,Users.xml,Votes.xml
homebrew.meta.stackexchange.com.7z,360.5K,8,Badges.xml,Comments.xml,PostHistory.xml,PostLinks.xml,Posts.xml,Tags.xml,Users.xml,Votes.xml
homebrew.stackexchange.com.7z,13.2M,8,Badges.xml,Comments.xml,PostHistory.xml,PostLinks.xml,Posts.xml,Tags.xml,Users.xml,Votes.xml
hsm.meta.stackexchange.com.7z,455.7K,8,Badges.xml,Comments.xml,PostHistory.xml,PostLinks.xml,Posts.xml,Tags.xml,Users.xml,Votes.xml
hsm.stackexchange.com.7z,13.1M,8,Badges.xml,Comments.xml,PostHistory.xml,PostLinks.xml,Posts.xml,Tags.xml,Users.xml,Votes.xml
interpersonal.meta.stackexchange.com.7z,4.6M,8,Badges.xml,Comments.xml,PostHistory.xml,PostLinks.xml,Posts.xml,Tags.xml,Users.xml,Votes.xml
interpersonal.stackexchange.com.7z,30.3M,8,Badges.xml,Comments.xml,PostHistory.xml,PostLinks.xml,Posts.xml,Tags.xml,Users.xml,Votes.xml
iot.meta.stackexchange.com.7z,507.4K,8,Badges.xml,Comments.xml,PostHistory.xml,PostLinks.xml,Posts.xml,Tags.xml,Users.xml,Votes.xml
iot.stackexchange.com.7z,5.8M,8,Badges.xml,Comments.xml,PostHistory.xml,PostLinks.xml,Posts.xml,Tags.xml,Users.xml,Votes.xml
iota.meta.stackexchange.com.7z,95.2K,8,Badges.xml,Comments.xml,PostHistory.xml,PostLinks.xml,Posts.xml,Tags.xml,Users.xml,Votes.xml
iota.stackexchange.com.7z,2.0M,8,Badges.xml,Comments.xml,PostHistory.xml,PostLinks.xml,Posts.xml,Tags.xml,Users.xml,Votes.xml
islam.meta.stackexchange.com.7z,3.5M,8,Badges.xml,Comments.xml,PostHistory.xml,PostLinks.xml,Posts.xml,Tags.xml,Users.xml,Votes.xml
islam.stackexchange.com.7z,42.1M,8,Badges.xml,Comments.xml,PostHistory.xml,PostLinks.xml,Posts.xml,Tags.xml,Users.xml,Votes.xml
italian.meta.stackexchange.com.7z,599.2K,8,Badges.xml,Comments.xml,PostHistory.xml,PostLinks.xml,Posts.xml,Tags.xml,Users.xml,Votes.xml
italian.stackexchange.com.7z,9.3M,8,Badges.xml,Comments.xml,PostHistory.xml,PostLinks.xml,Posts.xml,Tags.xml,Users.xml,Votes.xml
ja.meta.stackoverflow.com.7z,3.1M,8,Badges.xml,Comments.xml,PostHistory.xml,PostLinks.xml,Posts.xml,Tags.xml,Users.xml,Votes.xml
ja.stackoverflow.com.7z,62.1M,8,Badges.xml,Comments.xml,PostHistory.xml,PostLinks.xml,Posts.xml,Tags.xml,Users.xml,Votes.xml
japanese.meta.stackexchange.com.7z,2.7M,8,Badges.xml,Comments.xml,PostHistory.xml,PostLinks.xml,Posts.xml,Tags.xml,Users.xml,Votes.xml
japanese.stackexchange.com.7z,52.9M,8,Badges.xml,Comments.xml,PostHistory.xml,PostLinks.xml,Posts.xml,Tags.xml,Users.xml,Votes.xml
joomla.meta.stackexchange.com.7z,397.8K,8,Badges.xml,Comments.xml,PostHistory.xml,PostLinks.xml,Posts.xml,Tags.xml,Users.xml,Votes.xml
joomla.stackexchange.com.7z,13.9M,8,Badges.xml,Comments.xml,PostHistory.xml,PostLinks.xml,Posts.xml,Tags.xml,Users.xml,Votes.xml
judaism.meta.stackexchange.com.7z,5.4M,8,Badges.xml,Comments.xml,PostHistory.xml,PostLinks.xml,Posts.xml,Tags.xml,Users.xml,Votes.xml
judaism.stackexchange.com.7z,106.2M,8,Badges.xml,Comments.xml,PostHistory.xml,PostLinks.xml,Posts.xml,Tags.xml,Users.xml,Votes.xml
korean.meta.stackexchange.com.7z,240.8K,8,Badges.xml,Comments.xml,PostHistory.xml,PostLinks.xml,Posts.xml,Tags.xml,Users.xml,Votes.xml
korean.stackexchange.com.7z,3.9M,8,Badges.xml,Comments.xml,PostHistory.xml,PostLinks.xml,Posts.xml,Tags.xml,Users.xml,Votes.xml
languagelearning.meta.stackexchange.com.7z,558.6K,8,Badges.xml,Comments.xml,PostHistory.xml,PostLinks.xml,Posts.xml,Tags.xml,Users.xml,Votes.xml
languagelearning.stackexchange.com.7z,3.9M,8,Badges.xml,Comments.xml,PostHistory.xml,PostLinks.xml,Posts.xml,Tags.xml,Users.xml,Votes.xml
latin.meta.stackexchange.com.7z,729.1K,8,Badges.xml,Comments.xml,PostHistory.xml,PostLinks.xml,Posts.xml,Tags.xml,Users.xml,Votes.xml
latin.stackexchange.com.7z,15.1M,8,Badges.xml,Comments.xml,PostHistory.xml,PostLinks.xml,Posts.xml,Tags.xml,Users.xml,Votes.xml
law.meta.stackexchange.com.7z,1.5M,8,Badges.xml,Comments.xml,PostHistory.xml,PostLinks.xml,Posts.xml,Tags.xml,Users.xml,Votes.xml
law.stackexchange.com.7z,59.9M,8,Badges.xml,Comments.xml,PostHistory.xml,PostLinks.xml,Posts.xml,Tags.xml,Users.xml,Votes.xml
lifehacks.meta.stackexchange.com.7z,1.0M,8,Badges.xml,Comments.xml,PostHistory.xml,PostLinks.xml,Posts.xml,Tags.xml,Users.xml,Votes.xml
lifehacks.stackexchange.com.7z,11.2M,8,Badges.xml,Comments.xml,PostHistory.xml,PostLinks.xml,Posts.xml,Tags.xml,Users.xml,Votes.xml
linguistics.meta.stackexchange.com.7z,1.1M,8,Badges.xml,Comments.xml,PostHistory.xml,PostLinks.xml,Posts.xml,Tags.xml,Users.xml,Votes.xml
linguistics.stackexchange.com.7z,30.0M,8,Badges.xml,Comments.xml,PostHistory.xml,PostLinks.xml,Posts.xml,Tags.xml,Users.xml,Votes.xml
literature.meta.stackexchange.com.7z,2.2M,8,Badges.xml,Comments.xml,PostHistory.xml,PostLinks.xml,Posts.xml,Tags.xml,Users.xml,Votes.xml
literature.stackexchange.com.7z,18.5M,8,Badges.xml,Comments.xml,PostHistory.xml,PostLinks.xml,Posts.xml,Tags.xml,Users.xml,Votes.xml
magento.meta.stackexchange.com.7z,1.6M,8,Badges.xml,Comments.xml,PostHistory.xml,PostLinks.xml,Posts.xml,Tags.xml,Users.xml,Votes.xml
magento.stackexchange.com.7z,185.1M,8,Badges.xml,Comments.xml,PostHistory.xml,PostLinks.xml,Posts.xml,Tags.xml,Users.xml,Votes.xml
martialarts.meta.stackexchange.com.7z,795.9K,8,Badges.xml,Comments.xml,PostHistory.xml,PostLinks.xml,Posts.xml,Tags.xml,Users.xml,Votes.xml
martialarts.stackexchange.com.7z,10.5M,8,Badges.xml,Comments.xml,PostHistory.xml,PostLinks.xml,Posts.xml,Tags.xml,Users.xml,Votes.xml
materials.meta.stackexchange.com.7z,395.5K,8,Badges.xml,Comments.xml,PostHistory.xml,PostLinks.xml,Posts.xml,Tags.xml,Users.xml,Votes.xml
materials.stackexchange.com.7z,5.4M,8,Badges.xml,Comments.xml,PostHistory.xml,PostLinks.xml,Posts.xml,Tags.xml,Users.xml,Votes.xml
math.meta.stackexchange.com.7z,42.5M,8,Badges.xml,Comments.xml,PostHistory.xml,PostLinks.xml,Posts.xml,Tags.xml,Users.xml,Votes.xml
math.stackexchange.com.7z,2.7G,6,Badges.xml,Comments.xml,PostLinks.xml,Tags.xml,Users.xml,Votes.xml
matheducators.meta.stackexchange.com.7z,863.4K,8,Badges.xml,Comments.xml,PostHistory.xml,PostLinks.xml,Posts.xml,Tags.xml,Users.xml,Votes.xml
matheducators.stackexchange.com.7z,18.1M,8,Badges.xml,Comments.xml,PostHistory.xml,PostLinks.xml,Posts.xml,Tags.xml,Users.xml,Votes.xml
mathematica.meta.stackexchange.com.7z,3.4M,8,Badges.xml,Comments.xml,PostHistory.xml,PostLinks.xml,Posts.xml,Tags.xml,Users.xml,Votes.xml
mathematica.stackexchange.com.7z,235.0M,8,Badges.xml,Comments.xml,PostHistory.xml,PostLinks.xml,Posts.xml,Tags.xml,Users.xml,Votes.xml
mathoverflow.net.7z,384.0M,8,Badges.xml,Comments.xml,PostHistory.xml,PostLinks.xml,Posts.xml,Tags.xml,Users.xml,Votes.xml
mechanics.meta.stackexchange.com.7z,1.2M,8,Badges.xml,Comments.xml,PostHistory.xml,PostLinks.xml,Posts.xml,Tags.xml,Users.xml,Votes.xml
mechanics.stackexchange.com.7z,49.1M,8,Badges.xml,Comments.xml,PostHistory.xml,PostLinks.xml,Posts.xml,Tags.xml,Users.xml,Votes.xml
meta.askubuntu.com.7z,18.2M,8,Badges.xml,Comments.xml,PostHistory.xml,PostLinks.xml,Posts.xml,Tags.xml,Users.xml,Votes.xml
meta.mathoverflow.net.7z,7.2M,8,Badges.xml,Comments.xml,PostHistory.xml,PostLinks.xml,Posts.xml,Tags.xml,Users.xml,Votes.xml
meta.serverfault.com.7z,9.6M,8,Badges.xml,Comments.xml,PostHistory.xml,PostLinks.xml,Posts.xml,Tags.xml,Users.xml,Votes.xml
meta.stackexchange.com.7z,350.9M,8,Badges.xml,Comments.xml,PostHistory.xml,PostLinks.xml,Posts.xml,Tags.xml,Users.xml,Votes.xml
meta.stackoverflow.com.7z,272.7M,8,Badges.xml,Comments.xml,PostHistory.xml,PostLinks.xml,Posts.xml,Tags.xml,Users.xml,Votes.xml
meta.superuser.com.7z,17.6M,8,Badges.xml,Comments.xml,PostHistory.xml,PostLinks.xml,Posts.xml,Tags.xml,Users.xml,Votes.xml
moderators.meta.stackexchange.com.7z,484.0K,8,Badges.xml,Comments.xml,PostHistory.xml,PostLinks.xml,Posts.xml,Tags.xml,Users.xml,Votes.xml
moderators.stackexchange.com.7z,2.8M,8,Badges.xml,Comments.xml,PostHistory.xml,PostLinks.xml,Posts.xml,Tags.xml,Users.xml,Votes.xml
monero.meta.stackexchange.com.7z,216.3K,8,Badges.xml,Comments.xml,PostHistory.xml,PostLinks.xml,Posts.xml,Tags.xml,Users.xml,Votes.xml
money.meta.stackexchange.com.7z,2.3M,8,Badges.xml,Comments.xml,PostHistory.xml,PostLinks.xml,Posts.xml,Tags.xml,Users.xml,Votes.xml
money.stackexchange.com.7z,99.0M,8,Badges.xml,Comments.xml,PostHistory.xml,PostLinks.xml,Posts.xml,Tags.xml,Users.xml,Votes.xml
movies.meta.stackexchange.com.7z,4.7M,8,Badges.xml,Comments.xml,PostHistory.xml,PostLinks.xml,Posts.xml,Tags.xml,Users.xml,Votes.xml
movies.stackexchange.com.7z,68.5M,8,Badges.xml,Comments.xml,PostHistory.xml,PostLinks.xml,Posts.xml,Tags.xml,Users.xml,Votes.xml
music.meta.stackexchange.com.7z,2.7M,8,Badges.xml,Comments.xml,PostHistory.xml,PostLinks.xml,Posts.xml,Tags.xml,Users.xml,Votes.xml
music.stackexchange.com.7z,77.7M,8,Badges.xml,Comments.xml,PostHistory.xml,PostLinks.xml,Posts.xml,Tags.xml,Users.xml,Votes.xml
musicfans.meta.stackexchange.com.7z,614.2K,8,Badges.xml,Comments.xml,PostHistory.xml,PostLinks.xml,Posts.xml,Tags.xml,Users.xml,Votes.xml
musicfans.stackexchange.com.7z,6.4M,8,Badges.xml,Comments.xml,PostHistory.xml,PostLinks.xml,Posts.xml,Tags.xml,Users.xml,Votes.xml
mythology.meta.stackexchange.com.7z,556.3K,8,Badges.xml,Comments.xml,PostHistory.xml,PostLinks.xml,Posts.xml,Tags.xml,Users.xml,Votes.xml
mythology.stackexchange.com.7z,7.6M,8,Badges.xml,Comments.xml,PostHistory.xml,PostLinks.xml,Posts.xml,Tags.xml,Users.xml,Votes.xml
networkengineering.meta.stackexchange.com.7z,1.2M,8,Badges.xml,Comments.xml,PostHistory.xml,PostLinks.xml,Posts.xml,Tags.xml,Users.xml,Votes.xml
networkengineering.stackexchange.com.7z,39.0M,8,Badges.xml,Comments.xml,PostHistory.xml,PostLinks.xml,Posts.xml,Tags.xml,Users.xml,Votes.xml
opendata.meta.stackexchange.com.7z,476.9K,8,Badges.xml,Comments.xml,PostHistory.xml,PostLinks.xml,Posts.xml,Tags.xml,Users.xml,Votes.xml
opendata.stackexchange.com.7z,10.7M,8,Badges.xml,Comments.xml,PostHistory.xml,PostLinks.xml,Posts.xml,Tags.xml,Users.xml,Votes.xml
opensource.meta.stackexchange.com.7z,888.5K,8,Badges.xml,Comments.xml,PostHistory.xml,PostLinks.xml,Posts.xml,Tags.xml,Users.xml,Votes.xml
opensource.stackexchange.com.7z,12.3M,8,Badges.xml,Comments.xml,PostHistory.xml,PostLinks.xml,Posts.xml,Tags.xml,Users.xml,Votes.xml
or.meta.stackexchange.com.7z,342.1K,8,Badges.xml,Comments.xml,PostHistory.xml,PostLinks.xml,Posts.xml,Tags.xml,Users.xml,Votes.xml
or.stackexchange.com.7z,6.4M,8,Badges.xml,Comments.xml,PostHistory.xml,PostLinks.xml,Posts.xml,Tags.xml,Users.xml,Votes.xml
outdoors.meta.stackexchange.com.7z,1.6M,8,Badges.xml,Comments.xml,PostHistory.xml,PostLinks.xml,Posts.xml,Tags.xml,Users.xml,Votes.xml
outdoors.stackexchange.com.7z,25.4M,8,Badges.xml,Comments.xml,PostHistory.xml,PostLinks.xml,Posts.xml,Tags.xml,Users.xml,Votes.xml
parenting.meta.stackexchange.com.7z,2.0M,8,Badges.xml,Comments.xml,PostHistory.xml,PostLinks.xml,Posts.xml,Tags.xml,Users.xml,Votes.xml
parenting.stackexchange.com.7z,35.8M,8,Badges.xml,Comments.xml,PostHistory.xml,PostLinks.xml,Posts.xml,Tags.xml,Users.xml,Votes.xml
patents.meta.stackexchange.com.7z,448.1K,8,Badges.xml,Comments.xml,PostHistory.xml,PostLinks.xml,Posts.xml,Tags.xml,Users.xml,Votes.xml
patents.stackexchange.com.7z,10.3M,8,Badges.xml,Comments.xml,PostHistory.xml,PostLinks.xml,Posts.xml,Tags.xml,Users.xml,Votes.xml
pets.meta.stackexchange.com.7z,1.3M,8,Badges.xml,Comments.xml,PostHistory.xml,PostLinks.xml,Posts.xml,Tags.xml,Users.xml,Votes.xml
pets.stackexchange.com.7z,21.3M,8,Badges.xml,Comments.xml,PostHistory.xml,PostLinks.xml,Posts.xml,Tags.xml,Users.xml,Votes.xml
philosophy.meta.stackexchange.com.7z,2.8M,8,Badges.xml,Comments.xml,PostHistory.xml,PostLinks.xml,Posts.xml,Tags.xml,Users.xml,Votes.xml
philosophy.stackexchange.com.7z,82.1M,8,Badges.xml,Comments.xml,PostHistory.xml,PostLinks.xml,Posts.xml,Tags.xml,Users.xml,Votes.xml
photo.meta.stackexchange.com.7z,4.1M,8,Badges.xml,Comments.xml,PostHistory.xml,PostLinks.xml,Posts.xml,Tags.xml,Users.xml,Votes.xml
photo.stackexchange.com.7z,92.3M,8,Badges.xml,Comments.xml,PostHistory.xml,PostLinks.xml,Posts.xml,Tags.xml,Users.xml,Votes.xml
physics.meta.stackexchange.com.7z,13.9M,8,Badges.xml,Comments.xml,PostHistory.xml,PostLinks.xml,Posts.xml,Tags.xml,Users.xml,Votes.xml
physics.stackexchange.com.7z,526.6M,8,Badges.xml,Comments.xml,PostHistory.xml,PostLinks.xml,Posts.xml,Tags.xml,Users.xml,Votes.xml
pm.meta.stackexchange.com.7z,1.1M,8,Badges.xml,Comments.xml,PostHistory.xml,PostLinks.xml,Posts.xml,Tags.xml,Users.xml,Votes.xml
pm.stackexchange.com.7z,23.5M,8,Badges.xml,Comments.xml,PostHistory.xml,PostLinks.xml,Posts.xml,Tags.xml,Users.xml,Votes.xml
poker.meta.stackexchange.com.7z,312.7K,8,Badges.xml,Comments.xml,PostHistory.xml,PostLinks.xml,Posts.xml,Tags.xml,Users.xml,Votes.xml
poker.stackexchange.com.7z,5.8M,8,Badges.xml,Comments.xml,PostHistory.xml,PostLinks.xml,Posts.xml,Tags.xml,Users.xml,Votes.xml
politics.meta.stackexchange.com.7z,3.7M,8,Badges.xml,Comments.xml,PostHistory.xml,PostLinks.xml,Posts.xml,Tags.xml,Users.xml,Votes.xml
politics.stackexchange.com.7z,75.7M,8,Badges.xml,Comments.xml,PostHistory.xml,PostLinks.xml,Posts.xml,Tags.xml,Users.xml,Votes.xml
portuguese.meta.stackexchange.com.7z,547.4K,8,Badges.xml,Comments.xml,PostHistory.xml,PostLinks.xml,Posts.xml,Tags.xml,Users.xml,Votes.xml
portuguese.stackexchange.com.7z,8.8M,8,Badges.xml,Comments.xml,PostHistory.xml,PostLinks.xml,Posts.xml,Tags.xml,Users.xml,Votes.xml
pt.meta.stackoverflow.com.7z,12.5M,8,Badges.xml,Comments.xml,PostHistory.xml,PostLinks.xml,Posts.xml,Tags.xml,Users.xml,Votes.xml
pt.stackoverflow.com.7z,418.2M,8,Badges.xml,Comments.xml,PostHistory.xml,PostLinks.xml,Posts.xml,Tags.xml,Users.xml,Votes.xml
puzzling.meta.stackexchange.com.7z,5.7M,8,Badges.xml,Comments.xml,PostHistory.xml,PostLinks.xml,Posts.xml,Tags.xml,Users.xml,Votes.xml
puzzling.stackexchange.com.7z,94.4M,8,Badges.xml,Comments.xml,PostHistory.xml,PostLinks.xml,Posts.xml,Tags.xml,Users.xml,Votes.xml
quant.meta.stackexchange.com.7z,688.9K,8,Badges.xml,Comments.xml,PostHistory.xml,PostLinks.xml,Posts.xml,Tags.xml,Users.xml,Votes.xml
quant.stackexchange.com.7z,41.6M,8,Badges.xml,Comments.xml,PostHistory.xml,PostLinks.xml,Posts.xml,Tags.xml,Users.xml,Votes.xml
quantumcomputing.meta.stackexchange.com.7z,780.3K,8,Badges.xml,Comments.xml,PostHistory.xml,PostLinks.xml,Posts.xml,Tags.xml,Users.xml,Votes.xml
quantumcomputing.stackexchange.com.7z,15.3M,8,Badges.xml,Comments.xml,PostHistory.xml,PostLinks.xml,Posts.xml,Tags.xml,Users.xml,Votes.xml
raspberrypi.meta.stackexchange.com.7z,1.7M,8,Badges.xml,Comments.xml,PostHistory.xml,PostLinks.xml,Posts.xml,Tags.xml,Users.xml,Votes.xml
raspberrypi.stackexchange.com.7z,84.9M,8,Badges.xml,Comments.xml,PostHistory.xml,PostLinks.xml,Posts.xml,Tags.xml,Users.xml,Votes.xml
retrocomputing.meta.stackexchange.com.7z,1.1M,8,Badges.xml,Comments.xml,PostHistory.xml,PostLinks.xml,Posts.xml,Tags.xml,Users.xml,Votes.xml
retrocomputing.stackexchange.com.7z,26.6M,8,Badges.xml,Comments.xml,PostHistory.xml,PostLinks.xml,Posts.xml,Tags.xml,Users.xml,Votes.xml
reverseengineering.meta.stackexchange.com.7z,501.1K,8,Badges.xml,Comments.xml,PostHistory.xml,PostLinks.xml,Posts.xml,Tags.xml,Users.xml,Votes.xml
reverseengineering.stackexchange.com.7z,22.9M,8,Badges.xml,Comments.xml,PostHistory.xml,PostLinks.xml,Posts.xml,Tags.xml,Users.xml,Votes.xml
robotics.meta.stackexchange.com.7z,548.6K,8,Badges.xml,Comments.xml,PostHistory.xml,PostLinks.xml,Posts.xml,Tags.xml,Users.xml,Votes.xml
robotics.stackexchange.com.7z,15.6M,8,Badges.xml,Comments.xml,PostHistory.xml,PostLinks.xml,Posts.xml,Tags.xml,Users.xml,Votes.xml
rpg.meta.stackexchange.com.7z,12.9M,8,Badges.xml,Comments.xml,PostHistory.xml,PostLinks.xml,Posts.xml,Tags.xml,Users.xml,Votes.xml
rpg.stackexchange.com.7z,221.0M,8,Badges.xml,Comments.xml,PostHistory.xml,PostLinks.xml,Posts.xml,Tags.xml,Users.xml,Votes.xml
ru.meta.stackoverflow.com.7z,15.4M,8,Badges.xml,Comments.xml,PostHistory.xml,PostLinks.xml,Posts.xml,Tags.xml,Users.xml,Votes.xml
ru.stackoverflow.com.7z,773.1M,8,Badges.xml,Comments.xml,PostHistory.xml,PostLinks.xml,Posts.xml,Tags.xml,Users.xml,Votes.xml
rus.meta.stackexchange.com.7z,560.1K,8,Badges.xml,Comments.xml,PostHistory.xml,PostLinks.xml,Posts.xml,Tags.xml,Users.xml,Votes.xml
rus.stackexchange.com.7z,40.1M,8,Badges.xml,Comments.xml,PostHistory.xml,PostLinks.xml,Posts.xml,Tags.xml,Users.xml,Votes.xml
russian.meta.stackexchange.com.7z,478.7K,8,Badges.xml,Comments.xml,PostHistory.xml,PostLinks.xml,Posts.xml,Tags.xml,Users.xml,Votes.xml
russian.stackexchange.com.7z,13.8M,8,Badges.xml,Comments.xml,PostHistory.xml,PostLinks.xml,Posts.xml,Tags.xml,Users.xml,Votes.xml
salesforce.meta.stackexchange.com.7z,2.1M,8,Badges.xml,Comments.xml,PostHistory.xml,PostLinks.xml,Posts.xml,Tags.xml,Users.xml,Votes.xml
salesforce.stackexchange.com.7z,212.2M,8,Badges.xml,Comments.xml,PostHistory.xml,PostLinks.xml,Posts.xml,Tags.xml,Users.xml,Votes.xml
scicomp.meta.stackexchange.com.7z,680.0K,8,Badges.xml,Comments.xml,PostHistory.xml,PostLinks.xml,Posts.xml,Tags.xml,Users.xml,Votes.xml
scicomp.stackexchange.com.7z,28.9M,8,Badges.xml,Comments.xml,PostHistory.xml,PostLinks.xml,Posts.xml,Tags.xml,Users.xml,Votes.xml
scifi.meta.stackexchange.com.7z,14.1M,8,Badges.xml,Comments.xml,PostHistory.xml,PostLinks.xml,Posts.xml,Tags.xml,Users.xml,Votes.xml
scifi.stackexchange.com.7z,264.8M,8,Badges.xml,Comments.xml,PostHistory.xml,PostLinks.xml,Posts.xml,Tags.xml,Users.xml,Votes.xml
security.meta.stackexchange.com.7z,4.4M,8,Badges.xml,Comments.xml,PostHistory.xml,PostLinks.xml,Posts.xml,Tags.xml,Users.xml,Votes.xml
security.stackexchange.com.7z,206.5M,8,Badges.xml,Comments.xml,PostHistory.xml,PostLinks.xml,Posts.xml,Tags.xml,Users.xml,Votes.xml
serverfault.com.7z,699.7M,8,Badges.xml,Comments.xml,PostHistory.xml,PostLinks.xml,Posts.xml,Tags.xml,Users.xml,Votes.xml
sharepoint.meta.stackexchange.com.7z,1.4M,8,Badges.xml,Comments.xml,PostHistory.xml,PostLinks.xml,Posts.xml,Tags.xml,Users.xml,Votes.xml
sharepoint.stackexchange.com.7z,149.5M,8,Badges.xml,Comments.xml,PostHistory.xml,PostLinks.xml,Posts.xml,Tags.xml,Users.xml,Votes.xml
sitecore.meta.stackexchange.com.7z,433.1K,8,Badges.xml,Comments.xml,PostHistory.xml,PostLinks.xml,Posts.xml,Tags.xml,Users.xml,Votes.xml
sitecore.stackexchange.com.7z,21.2M,8,Badges.xml,Comments.xml,PostHistory.xml,PostLinks.xml,Posts.xml,Tags.xml,Users.xml,Votes.xml
skeptics.meta.stackexchange.com.7z,6.0M,8,Badges.xml,Comments.xml,PostHistory.xml,PostLinks.xml,Posts.xml,Tags.xml,Users.xml,Votes.xml
skeptics.stackexchange.com.7z,64.8M,8,Badges.xml,Comments.xml,PostHistory.xml,PostLinks.xml,Posts.xml,Tags.xml,Users.xml,Votes.xml
softwareengineering.meta.stackexchange.com.7z,14.0M,8,Badges.xml,Comments.xml,PostHistory.xml,PostLinks.xml,Posts.xml,Tags.xml,Users.xml,Votes.xml
softwareengineering.stackexchange.com.7z,291.1M,8,Badges.xml,Comments.xml,PostHistory.xml,PostLinks.xml,Posts.xml,Tags.xml,Users.xml,Votes.xml
softwarerecs.meta.stackexchange.com.7z,2.6M,8,Badges.xml,Comments.xml,PostHistory.xml,PostLinks.xml,Posts.xml,Tags.xml,Users.xml,Votes.xml
softwarerecs.stackexchange.com.7z,41.4M,8,Badges.xml,Comments.xml,PostHistory.xml,PostLinks.xml,Posts.xml,Tags.xml,Users.xml,Votes.xml
sound.meta.stackexchange.com.7z,468.1K,8,Badges.xml,Comments.xml,PostHistory.xml,PostLinks.xml,Posts.xml,Tags.xml,Users.xml,Votes.xml
sound.stackexchange.com.7z,23.0M,8,Badges.xml,Comments.xml,PostHistory.xml,PostLinks.xml,Posts.xml,Tags.xml,Users.xml,Votes.xml
space.meta.stackexchange.com.7z,2.4M,8,Badges.xml,Comments.xml,PostHistory.xml,PostLinks.xml,Posts.xml,Tags.xml,Users.xml,Votes.xml
space.stackexchange.com.7z,60.0M,8,Badges.xml,Comments.xml,PostHistory.xml,PostLinks.xml,Posts.xml,Tags.xml,Users.xml,Votes.xml
spanish.meta.stackexchange.com.7z,2.0M,8,Badges.xml,Comments.xml,PostHistory.xml,PostLinks.xml,Posts.xml,Tags.xml,Users.xml,Votes.xml
spanish.stackexchange.com.7z,28.8M,8,Badges.xml,Comments.xml,PostHistory.xml,PostLinks.xml,Posts.xml,Tags.xml,Users.xml,Votes.xml
sports.meta.stackexchange.com.7z,1.1M,8,Badges.xml,Comments.xml,PostHistory.xml,PostLinks.xml,Posts.xml,Tags.xml,Users.xml,Votes.xml
sports.stackexchange.com.7z,13.9M,8,Badges.xml,Comments.xml,PostHistory.xml,PostLinks.xml,Posts.xml,Tags.xml,Users.xml,Votes.xml
sqa.meta.stackexchange.com.7z,557.3K,8,Badges.xml,Comments.xml,PostHistory.xml,PostLinks.xml,Posts.xml,Tags.xml,Users.xml,Votes.xml
sqa.stackexchange.com.7z,31.6M,8,Badges.xml,Comments.xml,PostHistory.xml,PostLinks.xml,Posts.xml,Tags.xml,Users.xml,Votes.xml
stackapps.com.7z,13.0M,8,Badges.xml,Comments.xml,PostHistory.xml,PostLinks.xml,Posts.xml,Tags.xml,Users.xml,Votes.xml
stackoverflow.com-Badges.7z,296.4M,8,Badges.xml,Comments.xml,PostHistory.xml,PostLinks.xml,Posts.xml,Tags.xml,Users.xml,Votes.xml
stackoverflow.com-Comments.7z,4.8G,7,Badges.xml,PostHistory.xml,PostLinks.xml,Posts.xml,Tags.xml,Users.xml,Votes.xml
stackoverflow.com-PostHistory.7z,29.7G,7,Badges.xml,Comments.xml,PostLinks.xml,Posts.xml,Tags.xml,Users.xml,Votes.xml
stackoverflow.com-PostLinks.7z,103.3M,8,Badges.xml,Comments.xml,PostHistory.xml,PostLinks.xml,Posts.xml,Tags.xml,Users.xml,Votes.xml
stackoverflow.com-Posts.7z,16.9G,7,Badges.xml,Comments.xml,PostHistory.xml,PostLinks.xml,Tags.xml,Users.xml,Votes.xml
stackoverflow.com-Tags.7z,867.3K,8,Badges.xml,Comments.xml,PostHistory.xml,PostLinks.xml,Posts.xml,Tags.xml,Users.xml,Votes.xml
stackoverflow.com-Users.7z,777.9M,7,Badges.xml,Comments.xml,PostHistory.xml,PostLinks.xml,Posts.xml,Tags.xml,Votes.xml
stackoverflow.com-Votes.7z,1.3G,7,Badges.xml,Comments.xml,PostHistory.xml,PostLinks.xml,Posts.xml,Tags.xml,Users.xml
stats.meta.stackexchange.com.7z,8.1M,8,Badges.xml,Comments.xml,PostHistory.xml,PostLinks.xml,Posts.xml,Tags.xml,Users.xml,Votes.xml
stats.stackexchange.com.7z,452.5M,8,Badges.xml,Comments.xml,PostHistory.xml,PostLinks.xml,Posts.xml,Tags.xml,Users.xml,Votes.xml
stellar.meta.stackexchange.com.7z,88.9K,8,Badges.xml,Comments.xml,PostHistory.xml,PostLinks.xml,Posts.xml,Tags.xml,Users.xml,Votes.xml
stellar.stackexchange.com.7z,2.4M,8,Badges.xml,Comments.xml,PostHistory.xml,PostLinks.xml,Posts.xml,Tags.xml,Users.xml,Votes.xml
superuser.com.7z,1014.3M,8,Badges.xml,Comments.xml,PostHistory.xml,PostLinks.xml,Posts.xml,Tags.xml,Users.xml,Votes.xml
sustainability.meta.stackexchange.com.7z,557.9K,8,Badges.xml,Comments.xml,PostHistory.xml,PostLinks.xml,Posts.xml,Tags.xml,Users.xml,Votes.xml
sustainability.stackexchange.com.7z,7.6M,8,Badges.xml,Comments.xml,PostHistory.xml,PostLinks.xml,Posts.xml,Tags.xml,Users.xml,Votes.xml
tex.meta.stackexchange.com.7z,10.9M,8,Badges.xml,Comments.xml,PostHistory.xml,PostLinks.xml,Posts.xml,Tags.xml,Users.xml,Votes.xml
tex.stackexchange.com.7z,633.3M,8,Badges.xml,Comments.xml,PostHistory.xml,PostLinks.xml,Posts.xml,Tags.xml,Users.xml,Votes.xml
tezos.meta.stackexchange.com.7z,71.6K,8,Badges.xml,Comments.xml,PostHistory.xml,PostLinks.xml,Posts.xml,Tags.xml,Users.xml,Votes.xml
tezos.stackexchange.com.7z,2.5M,8,Badges.xml,Comments.xml,PostHistory.xml,PostLinks.xml,Posts.xml,Tags.xml,Users.xml,Votes.xml
tor.meta.stackexchange.com.7z,318.4K,8,Badges.xml,Comments.xml,PostHistory.xml,PostLinks.xml,Posts.xml,Tags.xml,Users.xml,Votes.xml
tor.stackexchange.com.7z,10.4M,8,Badges.xml,Comments.xml,PostHistory.xml,PostLinks.xml,Posts.xml,Tags.xml,Users.xml,Votes.xml
travel.meta.stackexchange.com.7z,5.4M,8,Badges.xml,Comments.xml,PostHistory.xml,PostLinks.xml,Posts.xml,Tags.xml,Users.xml,Votes.xml
travel.stackexchange.com.7z,119.5M,8,Badges.xml,Comments.xml,PostHistory.xml,PostLinks.xml,Posts.xml,Tags.xml,Users.xml,Votes.xml
tridion.meta.stackexchange.com.7z,443.6K,8,Badges.xml,Comments.xml,PostHistory.xml,PostLinks.xml,Posts.xml,Tags.xml,Users.xml,Votes.xml
tridion.stackexchange.com.7z,14.9M,8,Badges.xml,Comments.xml,PostHistory.xml,PostLinks.xml,Posts.xml,Tags.xml,Users.xml,Votes.xml
ukrainian.meta.stackexchange.com.7z,570.1K,8,Badges.xml,Comments.xml,PostHistory.xml,PostLinks.xml,Posts.xml,Tags.xml,Users.xml,Votes.xml
ukrainian.stackexchange.com.7z,7.0M,8,Badges.xml,Comments.xml,PostHistory.xml,PostLinks.xml,Posts.xml,Tags.xml,Users.xml,Votes.xml
unix.meta.stackexchange.com.7z,6.9M,8,Badges.xml,Comments.xml,PostHistory.xml,PostLinks.xml,Posts.xml,Tags.xml,Users.xml,Votes.xml
unix.stackexchange.com.7z,551.4M,8,Badges.xml,Comments.xml,PostHistory.xml,PostLinks.xml,Posts.xml,Tags.xml,Users.xml,Votes.xml
ux.meta.stackexchange.com.7z,2.6M,8,Badges.xml,Comments.xml,PostHistory.xml,PostLinks.xml,Posts.xml,Tags.xml,Users.xml,Votes.xml
ux.stackexchange.com.7z,98.8M,8,Badges.xml,Comments.xml,PostHistory.xml,PostLinks.xml,Posts.xml,Tags.xml,Users.xml,Votes.xml
vegetarianism.meta.stackexchange.com.7z,394.5K,8,Badges.xml,Comments.xml,PostHistory.xml,PostLinks.xml,Posts.xml,Tags.xml,Users.xml,Votes.xml
vegetarianism.stackexchange.com.7z,2.6M,8,Badges.xml,Comments.xml,PostHistory.xml,PostLinks.xml,Posts.xml,Tags.xml,Users.xml,Votes.xml
vi.meta.stackexchange.com.7z,712.7K,8,Badges.xml,Comments.xml,PostHistory.xml,PostLinks.xml,Posts.xml,Tags.xml,Users.xml,Votes.xml
vi.stackexchange.com.7z,25.5M,8,Badges.xml,Comments.xml,PostHistory.xml,PostLinks.xml,Posts.xml,Tags.xml,Users.xml,Votes.xml
webapps.meta.stackexchange.com.7z,2.5M,8,Badges.xml,Comments.xml,PostHistory.xml,PostLinks.xml,Posts.xml,Tags.xml,Users.xml,Votes.xml
webapps.stackexchange.com.7z,63.5M,8,Badges.xml,Comments.xml,PostHistory.xml,PostLinks.xml,Posts.xml,Tags.xml,Users.xml,Votes.xml
webmasters.meta.stackexchange.com.7z,1.7M,8,Badges.xml,Comments.xml,PostHistory.xml,PostLinks.xml,Posts.xml,Tags.xml,Users.xml,Votes.xml
webmasters.stackexchange.com.7z,76.4M,8,Badges.xml,Comments.xml,PostHistory.xml,PostLinks.xml,Posts.xml,Tags.xml,Users.xml,Votes.xml
windowsphone.meta.stackexchange.com.7z,346.6K,8,Badges.xml,Comments.xml,PostHistory.xml,PostLinks.xml,Posts.xml,Tags.xml,Users.xml,Votes.xml
windowsphone.stackexchange.com.7z,5.5M,8,Badges.xml,Comments.xml,PostHistory.xml,PostLinks.xml,Posts.xml,Tags.xml,Users.xml,Votes.xml
woodworking.meta.stackexchange.com.7z,351.0K,8,Badges.xml,Comments.xml,PostHistory.xml,PostLinks.xml,Posts.xml,Tags.xml,Users.xml,Votes.xml
woodworking.stackexchange.com.7z,10.7M,8,Badges.xml,Comments.xml,PostHistory.xml,PostLinks.xml,Posts.xml,Tags.xml,Users.xml,Votes.xml
wordpress.meta.stackexchange.com.7z,3.2M,8,Badges.xml,Comments.xml,PostHistory.xml,PostLinks.xml,Posts.xml,Tags.xml,Users.xml,Votes.xml
wordpress.stackexchange.com.7z,211.3M,8,Badges.xml,Comments.xml,PostHistory.xml,PostLinks.xml,Posts.xml,Tags.xml,Users.xml,Votes.xml
workplace.meta.stackexchange.com.7z,8.0M,8,Badges.xml,Comments.xml,PostHistory.xml,PostLinks.xml,Posts.xml,Tags.xml,Users.xml,Votes.xml
workplace.stackexchange.com.7z,148.7M,8,Badges.xml,Comments.xml,PostHistory.xml,PostLinks.xml,Posts.xml,Tags.xml,Users.xml,Votes.xml
worldbuilding.meta.stackexchange.com.7z,10.0M,8,Badges.xml,Comments.xml,PostHistory.xml,PostLinks.xml,Posts.xml,Tags.xml,Users.xml,Votes.xml
worldbuilding.stackexchange.com.7z,269.0M,8,Badges.xml,Comments.xml,PostHistory.xml,PostLinks.xml,Posts.xml,Tags.xml,Users.xml,Votes.xml
writers.meta.stackexchange.com.7z,3.1M,8,Badges.xml,Comments.xml,PostHistory.xml,PostLinks.xml,Posts.xml,Tags.xml,Users.xml,Votes.xml
writers.stackexchange.com.7z,52.0M,8,Badges.xml,Comments.xml,PostHistory.xml,PostLinks.xml,Posts.xml,Tags.xml,Users.xml,Votes.xml